conversation_id	step	run_id	participant_ids	module_id	event_id	conversation_type	status	tone	summary	detail	evidence_message_ids	summary_source	detail_source
conv_run_a_20x100_step001_routine	1	run_a_20x100	ISS05;ISS06	common_area		routine	repaired	normal	common_areaで補給品の置き場所を短く調整	初期適応期のcommon_areaにて、ISS05は静かな空気を保ちつつ補給品整理の負担を減らしたく、ISS06は率直に配置提案。二人は対立を避け、短い確認で距離を保ったまま協調を戻して次の作業へ戻る流れ。	msg_conv_run_a_20x100_step001_routine_01;msg_conv_run_a_20x100_step001_routine_02;msg_conv_run_a_20x100_step001_routine_03	llm_summary	llm_detail
conv_run_a_20x100_step002_routine	2	run_a_20x100	ISS05;ISS06	exercise_area		routine	repaired	normal	運動エリアで負荷を短縮し、段階的に確認して調整	初期適応期の運動エリアで、前段で決めた赤マーカー管理を維持したまま運動ルーティンを確認。ISS05は控えめに安全優先を主張し、ISS06は目標達成を譲らず、短い対立後に休息と静穏時間を条件に折衷した。	msg_conv_run_a_20x100_step002_routine_01;msg_conv_run_a_20x100_step002_routine_02;msg_conv_run_a_20x100_step002_routine_03	llm_summary	llm_detail
conv_run_a_20x100_step003_routine	3	run_a_20x100	ISS06;ISS08	common_area		routine	repaired	normal	食事後の片付けを短く分担し、衝突を避けつつ合意へ	common_areaでAishaとMarcusが夕食後の負荷を抑えた片付け手順を短時間で調整した。Marcusは評価される不安で反発しやすく、Aishaは距離を広げず確認を最小化して修復を図った。	msg_conv_run_a_20x100_step003_routine_01;msg_conv_run_a_20x100_step003_routine_02;msg_conv_run_a_20x100_step003_routine_03	llm_summary	llm_detail
conv_run_a_20x100_step004_routine	4	run_a_20x100	ISS01;ISS09	common_area		routine	repaired	normal	補給品の置き場所を再確認し、共通認識を整える	初期適応期の会話としてcommon_areaでの軽い雑務対応。前回の負荷を避ける短いやり取りで、Priyaは不安を抱えつつ要点だけ確認し、Henriは穏やかに整理を促して修復的に距離を戻す流れ。	msg_conv_run_a_20x100_step004_routine_01;msg_conv_run_a_20x100_step004_routine_02;msg_conv_run_a_20x100_step004_routine_03	llm_summary	llm_detail
conv_run_a_20x100_step005_routine	5	run_a_20x100	ISS01;ISS04	exercise_area		routine	repaired	normal	運動枠を短く調整し、負荷を下げながら合流を再調整	運動エリアでの通常会話。前ステップで補給位置の確認と合わせ方を行っていた流れを受け、Priyaは不安を抱えつつ短く応じ、Linhが穏やかに運動枠短縮を提案して摩擦を避けつつ関係を戻すやり取り。	msg_conv_run_a_20x100_step005_routine_01;msg_conv_run_a_20x100_step005_routine_02;msg_conv_run_a_20x100_step005_routine_03	llm_summary	llm_detail
conv_run_a_20x100_step006_routine	6	run_a_20x100	ISS12;ISS02	common_area		routine	repaired	normal	食後片付けの負担分担を短く再確認し、緊張を解いた実務会話	共用エリアで、食事後の後片付けを巡りTariqが短く負担を確認。Fatimaは注意状態ながら否定せず、記録終了後の範囲を具体化して応じる形へ収束し、対立を最小化しつつ協働接点を保った。	msg_conv_run_a_20x100_step006_routine_01;msg_conv_run_a_20x100_step006_routine_02;msg_conv_run_a_20x100_step006_routine_03	llm_summary	llm_detail
conv_run_a_20x100_step007_routine	7	run_a_20x100	ISS00;ISS04	lab_module		routine	repaired	normal	資源スコアを短く確認し、摩擦を一度下げた	前ステップの「運動後の静穏確保」を受け、lab_moduleで資源スコアを簡潔に再確認した。陳偉の慎重な不安とLinhの配慮を背景に、地球観測・食事前の段取りを揃えて、次の個室時間へ自然につなげた。	msg_conv_run_a_20x100_step007_routine_01;msg_conv_run_a_20x100_step007_routine_02;msg_conv_run_a_20x100_step007_routine_03	llm_summary	llm_detail
conv_run_a_20x100_step008_routine	8	run_a_20x100	ISS06;ISS08	hab_module		routine	repaired	normal	空調音対策で作業順を短く再調整	hab_moduleでAishaとMarcusが食事前後の作業順を相談。前段の強い指示への違和感を踏まえつつ、Aishaは様子を見て短く提案し、Marcusは自立重視で静かに受ける形へ。運動後の静穏時間と個室待機を入れ、緊張を残しつつ一度距離を戻した状態。	msg_conv_run_a_20x100_step008_routine_01;msg_conv_run_a_20x100_step008_routine_02;msg_conv_run_a_20x100_step008_routine_03	llm_summary	llm_detail
conv_run_a_20x100_step009_CONF01	9	run_a_20x100	ISS07;ISS02	common_area	CONF01	conflict	repaired	trouble	共用部の音量で緊張を確認しつつ、静穏時間の線引きを再調整	初期適応期間の共用エリアで、食後の水分記録の流れを受けて声量を巡るやり取りが再発。前段で強い言い方を避ける配慮をした履歴があり、SofiaとFatimaは疲労下の警戒を保ちながらも、静穏時間・個室待機・地球観測前の音量調整で距離を戻した。	msg_conv_run_a_20x100_step009_CONF01_01;msg_conv_run_a_20x100_step009_CONF01_02;msg_conv_run_a_20x100_step009_CONF01_03	llm_summary	llm_detail
conv_run_a_20x100_step009_routine	9	run_a_20x100	ISS00;ISS04	common_area		routine	repaired	normal	共用部の声量を短くし、運動前の導線と食事前の静穏を確認	ステップ7以降の短時間運用の流れを受け、地球観測前後の共用部で音量に関する軽い衝突が起きた。陳偉の不安と注意を前提に、Linhが落ち着いたまま個室へ戻る手順を提案し、距離を戻す形で調整に入った。	msg_conv_run_a_20x100_step009_routine_01;msg_conv_run_a_20x100_step009_routine_02;msg_conv_run_a_20x100_step009_routine_03	llm_summary	llm_detail
conv_run_a_20x100_step010_CONF01	10	run_a_20x100	ISS07;ISS02	common_area	CONF01	conflict	repaired	trouble	共用部の声量摩擦を一旦静め、翌日分の調整枠を共有	前ステップの地球観測前の静穏時間での刺さりを受け、Sofiaは配慮を具体化しつつ Fatimaの疲労と警戒を受け止めた。会話は短く交わし、共用エリアでは節度を取り、食事・運動後の個室で再確認する流れで距離を戻す方向に転換した。	msg_conv_run_a_20x100_step010_CONF01_01;msg_conv_run_a_20x100_step010_CONF01_02;msg_conv_run_a_20x100_step010_CONF01_03	llm_summary	llm_detail
conv_run_a_20x100_step010_routine	10	run_a_20x100	ISS01;ISS09	common_area		routine	repaired	normal	共用エリアで片付け分担を調整し、短く距離を戻したやり取り	前段の収納整理の流れを受け、食事後に共通エリアの片付けをどう担うか確認。不安なPriyaの指摘に対し、穏やかなHenriが洗い物を引き受け、運動と地球観測前の静穏時間を確保する合意に近づいた。	msg_conv_run_a_20x100_step010_routine_01;msg_conv_run_a_20x100_step010_routine_02;msg_conv_run_a_20x100_step010_routine_03	llm_summary	llm_detail
conv_run_a_20x100_step011_CONF01	11	run_a_20x100	ISS07;ISS02	common_area	CONF01	conflict	repaired	trouble	共用部音量の衝突に、短い再調整で距離を戻す	地球観測前の静穏時間に、以前の誤解と疲労反応を踏まえて共用部の扱いを再調整。ISS07は境界を明確にしつつ場を和らげ、ISS02は弱音を抑えたまま協力姿勢を示し、緊張は残るが修復志向に移行した。	msg_conv_run_a_20x100_step011_CONF01_01;msg_conv_run_a_20x100_step011_CONF01_02;msg_conv_run_a_20x100_step011_CONF01_03	llm_summary	llm_detail
conv_run_a_20x100_step011_routine	11	run_a_20x100	ISS11;ISS00	common_area		routine	repaired	normal	共用棚の位置を短時間で調整し、静かな運用ルールを再確認	Meiと陳偉は前段の「短く切る・静穏維持」流れを踏まえ、共用棚の置き場所をめぐって軽く擦り合わせた。地球観測後の作業移行と食事前の個室戻りまで含め、相手の不安を煽らない調整に寄せて距離を戻す方向で収束した。	msg_conv_run_a_20x100_step011_routine_01;msg_conv_run_a_20x100_step011_routine_02;msg_conv_run_a_20x100_step011_routine_03	llm_summary	llm_detail
conv_run_a_20x100_step012_REPA01	12	run_a_20x100	ISS07;ISS02	common_area	REPA01	repair	repaired	repair	共用部の音量を落とし、次の流れを短く合わせて修復へ	ISS07とISS02は地球観測前の共用部で続いた声量トラブルの余韻を持ちつつ、言い方の刺さりを認め合う。水分記録後の静かな5分運動と食事タイミング短縮、個室での短い再調整を決め、緊張はやや下がった。	msg_conv_run_a_20x100_step012_REPA01_01;msg_conv_run_a_20x100_step012_REPA01_02;msg_conv_run_a_20x100_step012_REPA01_03	llm_summary	llm_detail
conv_run_a_20x100_step012_routine	12	run_a_20x100	ISS02;ISS03	common_area		routine	repaired	normal	共用部で補給品の置き場を短く調整、緊張を保ったまま整流	会話履歴で続く静穏時間調整の流れを受け、common_areaでFatimaとAmirが補給品の置き場所を短時間で確認。Amirは警戒を残すが反発は抑え、食事前の片づけ・地球観測前の静穏時間・運動の順で衝突を広げない運用に寄せた。	msg_conv_run_a_20x100_step012_routine_01;msg_conv_run_a_20x100_step012_routine_02;msg_conv_run_a_20x100_step012_routine_03	llm_summary	llm_detail
conv_run_a_20x100_step013_REPA01	13	run_a_20x100	ISS07;ISS02	common_area	REPA01	repair	repaired	repair	共用部の音量を下げて距離を戻す再調整	先のやり取りで声量を巡って刺さりが生まれたが、SofiaとFatimaはcommon_areaで短く言葉を合わせた。地球観測前の静穏時間を軸に、運動・食事・個室活用で負荷を分けて緊張を落としていく流れだ。	msg_conv_run_a_20x100_step013_REPA01_01;msg_conv_run_a_20x100_step013_REPA01_02;msg_conv_run_a_20x100_step013_REPA01_03	llm_summary	llm_detail
conv_run_a_20x100_step013_routine	13	run_a_20x100	ISS00;ISS04	common_area		routine	repaired	normal	共用エリアで片付け時間を食事前5分に調整	前段での騒音対策と長時間化への警戒を踏まえ、ISS00は短時間運用を求める。ISS04は温かく受け止め、地球観測後の共用エリア作業と食事前の個室静養を再確認し、距離を保った協働へ戻した。	msg_conv_run_a_20x100_step013_routine_01;msg_conv_run_a_20x100_step013_routine_02;msg_conv_run_a_20x100_step013_routine_03	llm_summary	llm_detail
conv_run_a_20x100_step014_REPA01	14	run_a_20x100	ISS07;ISS02	common_area	REPA01	repair	repaired	repair	共用部の音量調整を確認し、翌日の流れを短く再調整	ISS07とISS02は直近の摩擦後、共用部で声量を最小化することで再接続を図る。地球観測前の移動導線、食事時刻、運動5分、静穏時間の個室運用まで具体化され、緊張はやや下がり距離調整が進行している。	msg_conv_run_a_20x100_step014_REPA01_01;msg_conv_run_a_20x100_step014_REPA01_02	llm_summary	llm_detail
conv_run_a_20x100_step014_routine	14	run_a_20x100	ISS00;ISS07	common_area		routine	repaired	normal	持ち寄り棚を短時間ルールで再調整し、静穏時間へつなげた	前段の棚の重なりで残った刺さりを受け、陳偉とSofiaがcommon_areaで短い言葉のやり取り。地球観測前に5分片付け、食事前は個室で静かに切り上げる前提で距離を保って修復を進めた。	msg_conv_run_a_20x100_step014_routine_01;msg_conv_run_a_20x100_step014_routine_02;msg_conv_run_a_20x100_step014_routine_03	llm_summary	llm_detail
conv_run_a_20x100_step015_routine	15	run_a_20x100	ISS07;ISS09	exercise_area		routine	repaired	normal	順番調整を短く確認し、運動→静穏時間へ切り替え	エクササイズエリアで、前の衝突の名残を意識しつつSofiaとHenriが順番だけを短く調整した。Sofiaの言い回しはやや刺さるが、Henriが穏やかに受け止め、食事前の静穏時間・個室移動・音量配慮まで共有して関係の距離を戻した。	msg_conv_run_a_20x100_step015_routine_01;msg_conv_run_a_20x100_step015_routine_02;msg_conv_run_a_20x100_step015_routine_03	llm_summary	llm_detail
conv_run_a_20x100_step016_CONF02	16	run_a_20x100	ISS03;ISS09	cupola	CONF02	conflict	unresolved	trouble	キューポラでの摩擦。境界と静穏の時間を取り直す	杯形観測モジュールで、ISS03が高警戒を崩さず境界を明確化。前段の実務連携の続きで、命令口調への反発が残る。ISS09は刺激を避け、食事前の運動と地球観測前静穏時間に合わせて距離を保った対応を提案。	msg_conv_run_a_20x100_step016_CONF02_01;msg_conv_run_a_20x100_step016_CONF02_02	llm_summary	llm_detail
conv_run_a_20x100_step016_routine	16	run_a_20x100	ISS01;ISS04	common_area		routine	repaired	normal	食事後の片付けを時間を区切って調整し、静かな共同運用へ戻した	共用エリアでは前段の騒がしさの余韻が残る中、ISS01は負担感を短く示し、ISS04は謝罪と具体役割分担で受け止めた。地球観測前の5分運動と個室静穏時間を確認し、衝突を拡大させず再接続した。	msg_conv_run_a_20x100_step016_routine_01;msg_conv_run_a_20x100_step016_routine_02	llm_summary	llm_detail
conv_run_a_20x100_step017_CONF02	17	run_a_20x100	ISS03;ISS09	cupola	CONF02	conflict	unresolved	trouble	キューポラで境界線を再確認し、言い合いを抑制	cupolaで前ステップの拒絶を踏まえ、Amirは防衛的に距離を置く要求を明確化した。Henriは提案を最小化し、運動時間を短くする代わりに個室で静穏へ戻る形を提示。孤立反応は残るが、地球観測前のルーティン調整で修復の隙を残している。	msg_conv_run_a_20x100_step017_CONF02_01;msg_conv_run_a_20x100_step017_CONF02_02	llm_summary	llm_detail
conv_run_a_20x100_step017_routine	17	run_a_20x100	ISS04;ISS05	exercise_area		routine	repaired	normal	運動エリアで5分ルーティンに短縮し、静かな区切りを再確認	前段の騒がしさ対策を踏まえ、ISS04は体調維持のため負荷を下げる提案をし、ISS05は控えめに境界を示した。共用部の動線を乱さないため地球観測前の静穏時間と食事前の個室戻りを軸に、軽く衝突を残しつつ関係を整えた。	msg_conv_run_a_20x100_step017_routine_01;msg_conv_run_a_20x100_step017_routine_02;msg_conv_run_a_20x100_step017_routine_03	llm_summary	llm_detail
conv_run_a_20x100_step018_CONF02	18	run_a_20x100	ISS03;ISS09	cupola	CONF02	conflict	repaired	trouble	ISS09が沈静化を提案し、ISS03は境界を再確認した	キューポラでの「声かけ」を巡る摩擦が継続。以前から防衛的だったISS03が境界線を強め、空間的静穏を主張。ISS09は運動短縮と個室での静かな時間を提示し、関係修復は未完だが再接続の余白を残した。	msg_conv_run_a_20x100_step018_CONF02_01;msg_conv_run_a_20x100_step018_CONF02_02	llm_summary	llm_detail
conv_run_a_20x100_step018_routine	18	run_a_20x100	ISS14;ISS16	common_area		routine	repaired	normal	補給品置き場所を短く擦り合わせ、導線を崩さない運用へ	共同区画での通常時対話。Kwameは作業の流れを守るため補給物の集約を促し、Elenaは現場観察で設置負荷と見通しを重視して修正提案。短時間の言い回しの擦れを、ラベル統一と棚位置の明確化で収め、次の共同生活を途切れなく続ける方向に戻した。	msg_conv_run_a_20x100_step018_routine_01;msg_conv_run_a_20x100_step018_routine_02;msg_conv_run_a_20x100_step018_routine_03	llm_summary	llm_detail
conv_run_a_20x100_step019_CONF02	19	run_a_20x100	ISS03;ISS09	cupola	CONF02	conflict	repaired	trouble	キューポラで言葉の主導を下げ、境界を確認して摩擦を緩和	前段で追及っぽい声かけを続けたためAmirの警戒が先行し、Henriは静かに境界へ寄せた。cupola内で運動と食事前の個室時間を共有し、地球観測までの静穏を最優先にしつつ再会話の猶予を残す形で修復方向を示した。	msg_conv_run_a_20x100_step019_CONF02_01;msg_conv_run_a_20x100_step019_CONF02_02	llm_summary	llm_detail
conv_run_a_20x100_step019_routine	19	run_a_20x100	ISS02;ISS03	cupola		routine	unresolved	normal	故郷の話を保留し、食事前の静穏を優先して境界を再確認	カップラで前段の高負荷なやり取りを受け、Fatimaは短く確認中心に抑制。Amirは防衛的に距離を保ち、故郷話は先送りしながら運動・食事・地球観測前の個室静穏へ戻すことで関係悪化を避ける流れ。	msg_conv_run_a_20x100_step019_routine_01;msg_conv_run_a_20x100_step019_routine_03	llm_summary	llm_detail
conv_run_a_20x100_step020_REPA02	20	run_a_20x100	ISS03;ISS09	cupola	REPA02	repair	repaired	repair	カップラで修復。境界線を短く合わせ、静かな距離に戻す	前ステップの緊張を引きずりつつ、ISS03とISS09はカップラで語気を落として再調整。運動を短く区切り、地球観測前の食事と静かな時間を優先する合意を確認し、刺さりやすさを意識した受けの姿勢で関係回復を進めている。	msg_conv_run_a_20x100_step020_REPA02_01;msg_conv_run_a_20x100_step020_REPA02_02	llm_summary	llm_detail
conv_run_a_20x100_step020_routine	20	run_a_20x100	ISS02;ISS03	cupola		routine	repaired	normal	故郷の話を短縮し、静かな境界で修復を試みた	前ステップの高負荷や過剰な声掛けで揺れた関係を受け、cupolaで無理な長話を避ける方針に合意。Fatimaは慎重に圧を下げ、Amirは防衛的ながら境界を明示し、地球観測前の食事・運動・個室時間を具体的に取り決めることで共同生活の温度を戻した。	msg_conv_run_a_20x100_step020_routine_01;msg_conv_run_a_20x100_step020_routine_02	llm_summary	llm_detail
conv_run_a_20x100_step021_REPA02	21	run_a_20x100	ISS03;ISS09	cupola	REPA02	repair	repaired	repair	境界線を再確認し、cupolaで静かな連携へ戻る	キューポラでの一触即発だったやり取りを受け、AmirとHenriは衝突トーンを残しつつ修復モードへ移行した。運動時間・食事前の個室静寂・地球観測前の合図確認を共通ルールとして再確認し、距離感を戻しながら関係を保つ方向へ。	msg_conv_run_a_20x100_step021_REPA02_01;msg_conv_run_a_20x100_step021_REPA02_02;msg_conv_run_a_20x100_step021_REPA02_03	llm_summary	llm_detail
conv_run_a_20x100_step021_routine	21	run_a_20x100	ISS00;ISS07	common_area		routine	repaired	normal	補給品の置き場所を通路外へ、短時間で整理	関係形成baselineが進む中、先行の修復経緯（音量調整・食事時刻微調整・静穏時間）を受け、common_areaで陳偉とSofiaが補給品の扱いを短く再調整。陳偉の不安に配慮し、Sofiaが穏やかに距離を保つ形で修復方向へ戻る。	msg_conv_run_a_20x100_step021_routine_01;msg_conv_run_a_20x100_step021_routine_02	llm_summary	llm_detail
conv_run_a_20x100_step022_REPA02	22	run_a_20x100	ISS03;ISS09	cupola	REPA02	repair	repaired	repair	cupolaで静粛ルールを再確認し距離を戻して修復へ	ISS03とISS09は直前の衝突後も緊張は残るが、cupolaの地球観測前を挟んで配慮を揃えた。運動時間を2分に短縮し、食事前は静けさを守り、個室で待機する合図を確認して関係修復へ向かっている。	msg_conv_run_a_20x100_step022_REPA02_01;msg_conv_run_a_20x100_step022_REPA02_02	llm_summary	llm_detail
conv_run_a_20x100_step022_routine	22	run_a_20x100	ISS00;ISS04	common_area		routine	repaired	normal	夕食前の片付けを短時間で切り上げ合意	common_areaで陳偉とLinhが、先行の会話の緊張を踏まえつつ食事後の整理を最小化する方針を再確認。食事・地球観測・静穏時間への移行を優先し、関係維持のため距離を保つ形で整えた。	msg_conv_run_a_20x100_step022_routine_01;msg_conv_run_a_20x100_step022_routine_02	llm_summary	llm_detail
conv_run_a_20x100_step023_REPA02	23	run_a_20x100	ISS03;ISS09	cupola	REPA02	repair	repaired	repair	キューポラで合図制を再確認し、修復の距離を戻す形へ	ISS03は「刺さってた」感覚が続いた直後、ISS09に合わせて観測前の合図なし声掛けを避ける合意を示した。ISS09は提案頻度を下げ、地球観測前は個室で静かな時間を優先する方向で受け止め、双方に軽い警戒を残しつつ関係は修復局面に移った。	msg_conv_run_a_20x100_step023_REPA02_01;msg_conv_run_a_20x100_step023_REPA02_02	llm_summary	llm_detail
conv_run_a_20x100_step023_routine	23	run_a_20x100	ISS02;ISS01	exercise_area		routine	repaired	normal	運動枠を短縮し、地球観測前の静穏時間を維持する方向へ調整	exercise_areaでFatimaとPriyaが運動枠の短縮を短い往復で確認。以前の音量・食事前調整の刺さりを受けつつ、完全解消ではなく、地球観測前は静かに、個室退避を前提に負担を上げない運用へ戻していく流れ。注意域での協調的な保全が見られる。	msg_conv_run_a_20x100_step023_routine_01;msg_conv_run_a_20x100_step023_routine_02;msg_conv_run_a_20x100_step023_routine_03	llm_summary	llm_detail
conv_run_a_20x100_step024_routine	24	run_a_20x100	ISS01;ISS09	common_area		routine	repaired	normal	棚整理を短く進め、観測前の静けさを再確認	common_areaでの通常作業として、ISS01とISS09は持ち寄り棚の短期運用を合わせる。前ステップの修復余韻を踏まえ、刺さる言動を避ける約束と運動・食事・観測前の静穏時間維持を確認しつつ、距離を崩さない形で協働を継続した。	msg_conv_run_a_20x100_step024_routine_01;msg_conv_run_a_20x100_step024_routine_02;msg_conv_run_a_20x100_step024_routine_03	llm_summary	llm_detail
conv_run_a_20x100_step025_CONF03	25	run_a_20x100	ISS02;ISS05	crew_quarters	CONF03	conflict	open	trouble	個室待ちの警戒が再燃、短い静穏枠で関係を保留調整	これまでの地球観測前の運動短縮・食事前静穏・ナッジ控えめの経験を踏まえ、同じISS02とISS05が個室希望で再び硬直。Fatimaは高ストレスで警戒を強め、田中も静けさを守りたい孤独が表面化したが、完全解決には至らず距離を保ったまま運用ルールを擦り合わせる段階。	msg_conv_run_a_20x100_step025_CONF03_01;msg_conv_run_a_20x100_step025_CONF03_02;msg_conv_run_a_20x100_step025_CONF03_03	llm_summary	llm_detail
conv_run_a_20x100_step025_routine	25	run_a_20x100	ISS02;ISS01	common_area		routine	repaired	normal	持ち寄り棚を2点に絞り、静穏時間を優先して合意	過去の長いやり取り回避方針を踏まえ、common_areaで持ち寄り棚の確認を最小限に抑えた。運動を2分へ短縮し、食事時間を5分早めて地球観測前の個室静穏を守る流れを再確認し、Fatimaの警戒とPriyaの不安を尊重しつつ距離を戻すやり取りが続いた。	msg_conv_run_a_20x100_step025_routine_01;msg_conv_run_a_20x100_step025_routine_02;msg_conv_run_a_20x100_step025_routine_03	llm_summary	llm_detail
conv_run_a_20x100_step026_CONF03	26	run_a_20x100	ISS02;ISS05	crew_quarters	CONF03	conflict	repaired	trouble	個室待ちの境界を再確認し、静穏枠で衝突を一段階緩和	crew_quartersでの個室待ちが再燃し、Fatimaは自衛的に境界を明確化。両者とも運動・食事・地球観測前の静穏時間を再調整し、完全には解けない喪失感と緊張を抱えつつ距離を保って収める方向へ移った。	msg_conv_run_a_20x100_step026_CONF03_01;msg_conv_run_a_20x100_step026_CONF03_02	llm_summary	llm_detail
conv_run_a_20x100_step026_routine	26	run_a_20x100	ISS00;ISS07	common_area		routine	repaired	normal	補給袋の置き場所を左棚に統一し、衝突を回避	common_areaでの補給品整理を巡り、これまでの軽い圧を受け止めながら短く調整。運動・食事・地球観測の前後を意識して、個室で静穏に戻す合意を取りにいく流れを保持した。	msg_conv_run_a_20x100_step026_routine_01;msg_conv_run_a_20x100_step026_routine_02;msg_conv_run_a_20x100_step026_routine_03	llm_summary	llm_detail
conv_run_a_20x100_step027_CONF03	27	run_a_20x100	ISS02;ISS05	crew_quarters	CONF03	conflict	repaired	trouble	個室待ちで衝突、静穏の枠を分けて衝突緩和へ	crew_quartersでFatimaと田中の「個室待ち」摩擦が再燃。前段で運動短縮・食事前倒し・地球観測前の静穏調整を繰り返し合意してきたため、今回は距離を保ちながら最小限の連携で緊張を下げる流れ。	msg_conv_run_a_20x100_step027_CONF03_01;msg_conv_run_a_20x100_step027_CONF03_02	llm_summary	llm_detail
conv_run_a_20x100_step027_routine	27	run_a_20x100	ISS00;ISS04	lab_module		routine	repaired	normal	実験ログを短く確認し、静かな時間へ切り替えを調整	lab_moduleでの通常運用中、直近の短いやり取りの余韻を受けて陳偉は警戒しつつ要点確認に留める。Linhが食事前の片付け時間を織り込み、地球観測前の静穏時間と個室での回復を確認して関係の張りを下げた。	msg_conv_run_a_20x100_step027_routine_01;msg_conv_run_a_20x100_step027_routine_02;msg_conv_run_a_20x100_step027_routine_03	llm_summary	llm_detail
conv_run_a_20x100_step028_CONF03	28	run_a_20x100	ISS02;ISS05	crew_quarters	CONF03	conflict	open	trouble	個室待ちで再び衝突、静穏時間をどう分けるか擦れた	crew_quartersでISS02とISS05の「個室順」を巡る緊張が続く。前ステップでも短文で境界線を示し合い、運動2分化と食事早め、地球観測前静穏確保で距離を取る調整が積み重なるが、孤独・不安と警戒は残っている。	msg_conv_run_a_20x100_step028_CONF03_01;msg_conv_run_a_20x100_step028_CONF03_02;msg_conv_run_a_20x100_step028_CONF03_03	llm_summary	llm_detail
conv_run_a_20x100_step028_routine	28	run_a_20x100	ISS04;ISS05	common_area		routine	repaired	normal	個室希望を残しつつ、補給品の場所を短く調整	前段で地球観測前の静穏時間をめぐる摩擦が続いたため、common_areaで短文の実務調整へ移行。ISS04は圧を下げながら補給品置き場だけ確認し、ISS05は高緊張でも短時間で返答し境界を再提示して距離を保った。	msg_conv_run_a_20x100_step028_routine_01;msg_conv_run_a_20x100_step028_routine_02	llm_summary	llm_detail
conv_run_a_20x100_step029_REPA03	29	run_a_20x100	ISS02;ISS05	crew_quarters	REPA03	repair	repaired	repair	個室順を譲り合い、静けさを守る呼吸を再設定	crew_quartersでの個室待ちを巡る反発は続いていたが、互いに衝突を増やさず短く調整する方向へ。運動2分・食事5分早め・地球観測前静穏を軸に、Fatimaの警戒とTanakaの孤独を前提に距離を戻すやり取りが始まった。	msg_conv_run_a_20x100_step029_REPA03_01;msg_conv_run_a_20x100_step029_REPA03_02;msg_conv_run_a_20x100_step029_REPA03_03	llm_summary	llm_detail
conv_run_a_20x100_step029_routine	29	run_a_20x100	ISS07;ISS09	cupola		routine	repaired	normal	地球観測前後の境界を短時間運用で再確認	先行の会話で刺さる言い方の是正が進み、現在はcupolaで地球観測の短時間運用へ移行。SofiaとHenriは共に平静で、静穏優先の運動・食事・個室時間の流れを保つ方向で擦り合わせた。	msg_conv_run_a_20x100_step029_routine_01;msg_conv_run_a_20x100_step029_routine_02;msg_conv_run_a_20x100_step029_routine_03	llm_summary	llm_detail
conv_run_a_20x100_step030_REPA03	30	run_a_20x100	ISS02;ISS05	crew_quarters	REPA03	repair	repaired	repair	個室順序を短く再調整し、穏やかに修復へ接続	前段で繰り返された個室待ちの衝突後、船内個室で静穏時間を優先する方向へ寄り、食事・運動の短縮で調整を試みる。Fatimaと田中誠は緊張は残しつつも、刺さりを残したまま距離を戻す方向に動いている。	msg_conv_run_a_20x100_step030_REPA03_01;msg_conv_run_a_20x100_step030_REPA03_02	llm_summary	llm_detail
conv_run_a_20x100_step030_routine	30	run_a_20x100	ISS11;ISS17	lab_module		routine	repaired	normal	資源スコアを最小調整し、日課の静穏時間を確認	前段の棚位置整理で短く合意した流れを受け、lab_moduleでISS11とISS17が資源スコアの微修正を協議。ISS11の不安に対しISS17が根拠を求めるが、地球観測後の片付けと食事前静穏・個室移動を再確認して摩擦を抑えた。	msg_conv_run_a_20x100_step030_routine_01;msg_conv_run_a_20x100_step030_routine_02;msg_conv_run_a_20x100_step030_routine_03	llm_summary	llm_detail
conv_run_a_20x100_step031_REPA03	31	run_a_20x100	ISS02;ISS05	crew_quarters	REPA03	repair	repaired	repair	個室待ちの順番で火種を下げ、静けさを調整する	個室待ちで緊張したISS02とISS05が、crew_quartersで言葉を重ねずに運動・食事・静穏時間の順を再確認。地球観測前10分の静けさとナッジ抑制を軸に修復を模索中で、完全解決より距離の戻しが進行中。	msg_conv_run_a_20x100_step031_REPA03_01;msg_conv_run_a_20x100_step031_REPA03_02	llm_summary	llm_detail
conv_run_a_20x100_step031_routine	31	run_a_20x100	ISS02;ISS01	common_area		routine	repaired	normal	食事時間を短く調整し、順番の摩擦を拡大しない合意	common_areaでFatimaとPriyaが、過去の個室順争いの刺さりを踏まえて短く会話。食事開始を5分早め、運動は2分で切る、地球観測前の静穏10分を守る条件で片付けの役割と次回の確認を行い、完全解決ではないが距離を戻す方向を確認した。	msg_conv_run_a_20x100_step031_routine_01;msg_conv_run_a_20x100_step031_routine_02;msg_conv_run_a_20x100_step031_routine_03	llm_summary	llm_detail
conv_run_a_20x100_step032_REPA03	32	run_a_20x100	ISS02;ISS05	crew_quarters	REPA03	repair	repaired	repair	個室順番の火種を短く抑え、静かな時間を再配分して修復	ISS02とISS05は、これまでの個室順番や刺激で残った違和感を受けつつ、crew_quartersで「運動・食事・地球観測前の静穏」の配分を再確認。互いに控えめに譲歩を示し、強い衝突は避けつつ距離を戻す方向で会話が続いた。	msg_conv_run_a_20x100_step032_REPA03_01;msg_conv_run_a_20x100_step032_REPA03_02	llm_summary	llm_detail
conv_run_a_20x100_step032_routine	32	run_a_20x100	ISS08;ISS09	common_area		routine	repaired	normal	持ち寄り棚を2点に絞り観測前の静穏を再確認	common_areaでISS08とISS09が短時間の持ち寄り棚整理を調整。最近の修復経緯を踏まえ、刺さりを避けつつ個室待機・運動終了・食事前静穏・地球観測前の流れを確認し距離を保つ。	msg_conv_run_a_20x100_step032_routine_01;msg_conv_run_a_20x100_step032_routine_02;msg_conv_run_a_20x100_step032_routine_03	llm_summary	llm_detail
conv_run_a_20x100_step033_CONF04	33	run_a_20x100	ISS00;ISS08	common_area	CONF04	conflict	repaired	trouble	資源圧で衝突しつつ、境界を一度確認	common_areaでISS00とISS08が資源スコアの責任配分を巡って言い方が刺さり合い、評価不安が先行した。前段の左側置き・食事短縮・個室静穏運用を引用し、地球観測前の片付けを最小化することで一旦緊張を下げる調整が始まっている。	msg_conv_run_a_20x100_step033_CONF04_01;msg_conv_run_a_20x100_step033_CONF04_02	llm_summary	llm_detail
conv_run_a_20x100_step033_routine	33	run_a_20x100	ISS01;ISS04	common_area		routine	repaired	normal	食事時間のズレを意識しつつ、片付け手順を短く再調整する	前段で合意してきた「食事を早める」「地球観測前は静かに」流れを受け、common_areaでPriyaとLinhが短いやり取りで順番の摩擦を最小化しつつ距離を戻した。	msg_conv_run_a_20x100_step033_routine_01;msg_conv_run_a_20x100_step033_routine_02	llm_summary	llm_detail
conv_run_a_20x100_step034_CONF04	34	run_a_20x100	ISS00;ISS08	common_area	CONF04	conflict	repaired	trouble	資源圧で刺さっていた言い方を、短く確認し直して緩和	共通エリアで資源スコアを巡る圧力が続く中、前段のやりとりで互いに刺さる発言があった。陳偉は境界を保ちながら作業量を限定し、Marcusは評価不安を率直に示して距離を縮める方向へ戻りつつある。	msg_conv_run_a_20x100_step034_CONF04_01;msg_conv_run_a_20x100_step034_CONF04_02	llm_summary	llm_detail
conv_run_a_20x100_step034_routine	34	run_a_20x100	ISS00;ISS07	common_area		routine	repaired	normal	持ち寄り棚を左側2点に絞り、短時間運用に合意	COMMON_AREAでの通常会話。ISS00は最近の資源スコア圧で警戒心が残る一方、ISS07は落ち着いて場を整える姿勢を維持。写真話ではなく持ち寄り棚整理を切り口に、食事・観測・運動・個室静穏へ短く接続しつつ距離を詰めすぎない修復を試みる。	msg_conv_run_a_20x100_step034_routine_01;msg_conv_run_a_20x100_step034_routine_02;msg_conv_run_a_20x100_step034_routine_03	llm_summary	llm_detail
conv_run_a_20x100_step035_CONF04	35	run_a_20x100	ISS00;ISS08	common_area	CONF04	conflict	repaired	trouble	資源スコア圧の衝突、短報告で修復へ移行	common_areaでの資源スコアを巡る緊張が続く中、前段の誤解と反省を踏まえ、両者が短い言葉で境界を再確認。ISS08が減点不安を率直に説明し、ISS00が作業量を絞る形で受け止めたことで、摩擦は残るが関係は戻し始めた。	msg_conv_run_a_20x100_step035_CONF04_01;msg_conv_run_a_20x100_step035_CONF04_02;msg_conv_run_a_20x100_step035_CONF04_03	llm_summary	llm_detail
conv_run_a_20x100_step035_routine	35	run_a_20x100	ISS08;ISS09	common_area		routine	repaired	normal	共用部の音量を短時間で合わせ、場の緊張を下げるやり取り	CONF04の余韻が残る中、共用部でMarcusは声量調整を短く切り出し、以前の刺さる言い回しを避ける姿勢を示す。ISS09は平静を保ち、食事前5分の静穏、観測前後2分運動・個室での短いリセットを示して距離を戻す。	msg_conv_run_a_20x100_step035_routine_01;msg_conv_run_a_20x100_step035_routine_02	llm_summary	llm_detail
conv_run_a_20x100_step036_CONF04	36	run_a_20x100	ISS00;ISS08	common_area	CONF04	conflict	repaired	trouble	資源スコア対立後、手順を共有して関係の温度を戻す	共用エリアでのCONF04が続く中、前ステップの言い回しの刺さりを受けてお互いの緊張が残る。陳偉とMarcusは短い会話で、食事・観測・運動・個室の静穏時間を具体化し、距離を少しずつ戻す形を取った。	msg_conv_run_a_20x100_step036_CONF04_01;msg_conv_run_a_20x100_step036_CONF04_02;msg_conv_run_a_20x100_step036_CONF04_03	llm_summary	llm_detail
conv_run_a_20x100_step036_routine	36	run_a_20x100	ISS00;ISS04	common_area		routine	repaired	normal	共通エリアで食事と片付けを短く調整	ISS00は前段の資源スコア摩擦の後、警戒を残したまま言葉を短くしてISS04へ接続し、場所は共通エリア。食事時刻と片付け手順を最低限共有し、地球観測後の静穏時間に戻る合意で空気を戻した。	msg_conv_run_a_20x100_step036_routine_01;msg_conv_run_a_20x100_step036_routine_02	llm_summary	llm_detail
conv_run_a_20x100_step037_REPA04	37	run_a_20x100	ISS00;ISS08	common_area	REPA04	repair	repaired	repair	刺さりを認めて、共用区画で小さく動線を合わせた	前段の言い回しで警戒が残る中、ISS00とISS08がcommon_areaで修復的に接続し、資源取り合いの圧を下げるため左の棚2点へと範囲を狭めた。食事5分前倒し、地球観測前の片付け、運動と個室静穏の流れを共有し、距離を少し戻し始めている。	msg_conv_run_a_20x100_step037_REPA04_01;msg_conv_run_a_20x100_step037_REPA04_02;msg_conv_run_a_20x100_step037_REPA04_03	llm_summary	llm_detail
conv_run_a_20x100_step037_routine	37	run_a_20x100	ISS01;ISS04	common_area		routine	repaired	normal	持ち寄り棚を短時間で再調整し、順番の衝突を避ける共有確認	共用エリアでの短いやり取り。過去の順番トラブルの余韻から、Priyaの注意と不安を受けてLinhが空間負荷を下げる進め方を提示し、持ち寄り棚の対象を限定した。地球観測前の静穏時間と個室復帰で距離を取り、関係を再び整える流れ。	msg_conv_run_a_20x100_step037_routine_01;msg_conv_run_a_20x100_step037_routine_02;msg_conv_run_a_20x100_step037_routine_03	llm_summary	llm_detail
conv_run_a_20x100_step038_REPA04	38	run_a_20x100	ISS00;ISS08	common_area	REPA04	repair	repaired	repair	点数話の刺さりを受け止め、手順共有で距離を縮める	common_areaでの対立後、資源配分の数字で反応が強まった点を受け入れ、次の手順を短く合わせる形に戻した。食事前倒し・片付け・観測後の短い運動・個室静穏を再確認し、互いの緊張は下がりつつある。	msg_conv_run_a_20x100_step038_REPA04_01;msg_conv_run_a_20x100_step038_REPA04_02	llm_summary	llm_detail
conv_run_a_20x100_step038_routine	38	run_a_20x100	ISS00;ISS07	common_area		routine	repaired	normal	共用部で声量調整し、通常ルーティンへ戻る	先のやり取りで緊張が残る中、ISS00とISS07は共用部で短く接続し、声量の調整を確認し合う。地球観測前の片付け、食事のタイミング、運動、個室での5分静穏へ合意して関係を整える流れ。	msg_conv_run_a_20x100_step038_routine_01;msg_conv_run_a_20x100_step038_routine_02	llm_summary	llm_detail
conv_run_a_20x100_step039_REPA04	39	run_a_20x100	ISS00;ISS08	common_area	REPA04	repair	repaired	repair	修復モードで、観測前ルーティンを再確認し距離を取り戻す	資源スコアの言及で刺さった前履歴を引きずりつつ、共用エリアでISS00とISS08が語気を抑えて修復に入る。左の棚2点、食事5分早め、観測前2分片付け、観測後2分運動と個室静穏の順に合わせ、完全には戻らないものの警戒を下げて関係を繋ぎ直す。	msg_conv_run_a_20x100_step039_REPA04_01;msg_conv_run_a_20x100_step039_REPA04_02	llm_summary	llm_detail
conv_run_a_20x100_step039_routine	39	run_a_20x100	ISS00;ISS04	common_area		routine	repaired	normal	左側2枠の補給品置き場で共通動線を短く固定	共用エリアでの短いやり取りを軸に、直近の修復後の余韻を踏まえて補給品の配置を左側2枠で再確認。陳偉は慎重に線を引き、Linhが温度を維持しつつ食事・地球観測前の片付け・運動・個室静穏へ繋げる流れを作った。	msg_conv_run_a_20x100_step039_routine_01;msg_conv_run_a_20x100_step039_routine_02	llm_summary	llm_detail
conv_run_a_20x100_step040_REPA04	40	run_a_20x100	ISS00;ISS08	common_area	REPA04	repair	repaired	repair	共通エリアで修復を続け、行動手順を再同期	前段の数字への刺さりを双方が認め、互いに責め立てず観測前後の作業で距離を整える流れ。共通エリアで左棚2点から始め、食事・片付け・運動・個室静穏の順を取り決め、感情を落ち着かせながら修復へ向かう。	msg_conv_run_a_20x100_step040_REPA04_01;msg_conv_run_a_20x100_step040_REPA04_02	llm_summary	llm_detail
conv_run_a_20x100_step040_routine	40	run_a_20x100	ISS00;ISS04	common_area		routine	repaired	normal	持ち寄り棚を左2つに絞り、観測前の流れを合わせた	先の数字を巡る刺さりの余韻を受け、共通空間でISS00は短く控えめに戻る姿勢を示し、ISS04は温かく間を取りながら作業を収束。食事・片付け・2分運動・個室での静穏時間まで確認し、地球観測へ向けて緊張を下げた。	msg_conv_run_a_20x100_step040_routine_01;msg_conv_run_a_20x100_step040_routine_02	llm_summary	llm_detail
conv_run_a_20x100_step041_routine	41	run_a_20x100	ISS02;ISS03	common_area		routine	repaired	normal	持ち寄り棚を短時間で確認し、静穏ルールを合わせる	common_areaでFatimaとAmirが持ち寄り棚の順番を短く調整。Amirの防衛的な刺さりを認めつつ、食事・地球観測・運動の取り分けを明示し、静かな距離を保って共同作業へ戻る形にした。	msg_conv_run_a_20x100_step041_routine_01;msg_conv_run_a_20x100_step041_routine_02;msg_conv_run_a_20x100_step041_routine_03	llm_summary	llm_detail
conv_run_a_20x100_step042_CONF05	42	run_a_20x100	ISS06;ISS08	exercise_area	CONF05	conflict	repaired	trouble	運動枠の順番で緊張が再燃し、短い確認で火種を薄める段階	AishaとMarcusは過去の評価的な言い回しで警戒が残る関係で、exercise_areaで順番認識が擦れた。どちらも緊張と疲労があり、地球観測前後の運動枠を具体的に短く取り決め、食事早めと個室での静穏復帰に触れて距離を戻そうとしている。	msg_conv_run_a_20x100_step042_CONF05_01;msg_conv_run_a_20x100_step042_CONF05_02;msg_conv_run_a_20x100_step042_CONF05_03	llm_summary	llm_detail
conv_run_a_20x100_step042_routine	42	run_a_20x100	ISS00;ISS04	hab_module		routine	repaired	normal	移動連絡を短く再確認し、手順を合わせて摩擦を下げる	hab_moduleでは、直近の会話で残った緊張を受け、ISS00は短く要点だけ伝える姿勢を維持。移動のきっかけを無理に拡大せず、食事・観測・個室静穏までの流れをISS04と再調整し、温度を戻す方向に寄せた。	msg_conv_run_a_20x100_step042_routine_01;msg_conv_run_a_20x100_step042_routine_02;msg_conv_run_a_20x100_step042_routine_03	llm_summary	llm_detail
conv_run_a_20x100_step043_CONF05	43	run_a_20x100	ISS06;ISS08	exercise_area	CONF05	conflict	repaired	trouble	運動枠の順番で境界再確認、緊張は残るが短時間合意へ	exercise_areaで、前段の「後回しにされた」不満が背景にある中、AishaとMarcusが順番確認を短く要求しあう。地球観測後の運動枠と食事時間、個室での静かな回復時間を取り決めるが、評価される不安はまだ残存している。	msg_conv_run_a_20x100_step043_CONF05_01;msg_conv_run_a_20x100_step043_CONF05_02;msg_conv_run_a_20x100_step043_CONF05_03	llm_summary	llm_detail
conv_run_a_20x100_step043_routine	43	run_a_20x100	ISS06;ISS08	exercise_area		routine	repaired	normal	運動枠を巡る確認不足を短く補正、地球観測後の流れで修復を試みる	exercise_areaでの短いやり取り。前段での順番争いの余韻が残り、Aishaは先の通りのままなら境界を守りたい一方、Marcusも評価への過敏さを抱えつつ短く合意を求める。地球観測・食事・個室静穏を具体的に決める形で、緊張を少し緩める方向に進んだ。	msg_conv_run_a_20x100_step043_routine_01;msg_conv_run_a_20x100_step043_routine_02	llm_summary	llm_detail
conv_run_a_20x100_step044_CONF05	44	run_a_20x100	ISS06;ISS08	exercise_area	CONF05	conflict	repaired	trouble	運動枠を短時間で確認し、距離を保って摩擦を抑える	exercise_areaで順番認識のズレが続き、警戒が高まっているAishaとMarcusは短い発話で境界を再確認した。地球観測前の当番、観測後の2分運動、食事5分早め、個室5分静養へ落とし込み、完全解消はしていないが関係維持のため距離を取りつつ修復を試みている。	msg_conv_run_a_20x100_step044_CONF05_01;msg_conv_run_a_20x100_step044_CONF05_02;msg_conv_run_a_20x100_step044_CONF05_03	llm_summary	llm_detail
conv_run_a_20x100_step044_routine	44	run_a_20x100	ISS06;ISS08	exercise_area		routine	repaired	normal	運動枠を再確認し、観測前の流れを短く調整	前ステップで順番を巡る刺さりが残り、運動エリアでAishaとMarcusの緊張が続いたため、地球観測前の運動枠・食事早め・個室静穏時間を再確認し、境界を保った運用に戻す。	msg_conv_run_a_20x100_step044_routine_01;msg_conv_run_a_20x100_step044_routine_02;msg_conv_run_a_20x100_step044_routine_03	llm_summary	llm_detail
conv_run_a_20x100_step045_REPA05	45	run_a_20x100	ISS06;ISS08	exercise_area	REPA05	repair	repaired	repair	運動枠の確認で距離を戻し、修復的に同調した	ISS06とISS08は地球観測前の運動順番を巡る過去のズレを前提に、今日は観測後の食事5分早め・各2分運動・個室5分静穏を短く再確認。警戒は残るが、評価される負担を避けつつ距離を取りすぎないやり取りに移行した。	msg_conv_run_a_20x100_step045_REPA05_01;msg_conv_run_a_20x100_step045_REPA05_02;msg_conv_run_a_20x100_step045_REPA05_03	llm_summary	llm_detail
conv_run_a_20x100_step045_routine	45	run_a_20x100	ISS03;ISS04	exercise_area		routine	repaired	normal	身体ルーティンを最小化し観測前ルーチンへ	exercise_areaでの短時間接触。高ストレスのAmirが長時間の対話を避け、Linhは距離を詰めすぎず協力的に順番と時間を再確認。前ステップの摩擦を踏まえ、衝突を避けつつ運動→静穏時間へ接続した。	msg_conv_run_a_20x100_step045_routine_01;msg_conv_run_a_20x100_step045_routine_02	llm_summary	llm_detail
conv_run_a_20x100_step046_REPA05	46	run_a_20x100	ISS06;ISS08	exercise_area	REPA05	repair	repaired	repair	運動枠を固定し、地球観測前に摩擦の余韻を短く処理	運動枠を巡るずれで緊張した過去を踏まえ、現在は観測前に順番を再確認した。ISS06は主導を抑えつつ具体条件を出し、ISS08は遠慮なく修正要望を提示して距離を調整。食事・静穏時間・運動枠を合わせ、関係修復の流れに戻した。	msg_conv_run_a_20x100_step046_REPA05_01;msg_conv_run_a_20x100_step046_REPA05_02;msg_conv_run_a_20x100_step046_REPA05_03	llm_summary	llm_detail
conv_run_a_20x100_step046_routine	46	run_a_20x100	ISS06;ISS08	exercise_area		routine	repaired	normal	運動順を固定して観測前後の流れを短く合わせる	AishaとMarcusは前段で続いた順番めぐりのすれ違いを受け、運動_areaで短い合意を再構成。地球観測前に運動の順序を再確認し、食事時間・個室静穏へ戻る手順も明確化して、警戒を抑えつつ修復の距離を戻した。	msg_conv_run_a_20x100_step046_routine_01;msg_conv_run_a_20x100_step046_routine_02;msg_conv_run_a_20x100_step046_routine_03	llm_summary	llm_detail
conv_run_a_20x100_step047_REPA05	47	run_a_20x100	ISS06;ISS08	exercise_area	REPA05	repair	repaired	repair	運動枠を再調整し、地球観測前に温度を戻す	運動エリアでの順番ズレを残していた両者は、地球観測前の流れを再確認し直し、観測・食事・静穏時間まで短く合意を更新。軽い刺さりは残るが、距離を置きすぎない形で修復が進行している。	msg_conv_run_a_20x100_step047_REPA05_01;msg_conv_run_a_20x100_step047_REPA05_02	llm_summary	llm_detail
conv_run_a_20x100_step047_routine	47	run_a_20x100	ISS02;ISS01	common_area		routine	repaired	normal	食事前の片付け順を最小化し、観測前の静穏時間を確保	ステップ31〜41の短い取り決めを受け、common_areaでFatimaとPriyaが食事時刻と片付けの順番を詰める。Fatimaの喪失感・警戒、Priyaの不安を受け、刺さる話題を避けて短尺化した。運動と地球観測前の静けさを含め、関係の距離を保ちながら作業へ戻る修復的接続が成立した。	msg_conv_run_a_20x100_step047_routine_01;msg_conv_run_a_20x100_step047_routine_02	llm_summary	llm_detail
conv_run_a_20x100_step048_REPA05	48	run_a_20x100	ISS06;ISS08	exercise_area	REPA05	repair	repaired	repair	運動枠を再固定、観測前の手順を短く確認して修復継続	ISS06（Aisha）とISS08（Marcus）は運動エリアで前段の順番衝突を反芻しつつ、言い回しの強さを抑える方向で調整している。地球観測前の2分枠、食事前進、個室での静穏時間を再確認し、緊張は下がりつつ距離を戻す流れ。	msg_conv_run_a_20x100_step048_REPA05_01;msg_conv_run_a_20x100_step048_REPA05_02;msg_conv_run_a_20x100_step048_REPA05_03	llm_summary	llm_detail
conv_run_a_20x100_step048_routine	48	run_a_20x100	ISS06;ISS08	exercise_area		routine	repaired	normal	順番を短く再確認し、運動と観測の流れを固定	運動エリアで、先頭順のズレに敏感なMarcusが再確認を入れ、Aishaが短く合意形成。地球観測前の実行順、終了後の個室時間、食事前倒しを共有し緊張を下げつつ修復方向に戻している。	msg_conv_run_a_20x100_step048_routine_01;msg_conv_run_a_20x100_step048_routine_02	llm_summary	llm_detail
conv_run_a_20x100_step049_CONF13	49	run_a_20x100	ISS13;ISS15	common_area	CONF13	conflict	repaired	trouble	食事準備のスピード差で緊張、境界を確認して修復へ一歩	common_areaでの食事準備を巡るやり取り。Sitiの遠慮と疲労が警戒を生み、Amaraの先行提案が圧に受け取られた。短時間のやり取りで、休息の境界と担当分担、運動・地球観測の流れまで調整し、緊張は残るが関係を戻す方向に進んだ。	msg_conv_run_a_20x100_step049_CONF13_01;msg_conv_run_a_20x100_step049_CONF13_02;msg_conv_run_a_20x100_step049_CONF13_03	llm_summary	llm_detail
conv_run_a_20x100_step049_routine	49	run_a_20x100	ISS06;ISS08	lab_module		routine	repaired	normal	地球観測前の順番を再固定し、距離の取り方を確認	lab_moduleで実験ログの引き継ぎを共有する短い対話。Aishaは落ち着いたまま、昨日の言葉に対する警戒が残るMarcusに配慮して合図ルールを再確認し、食事前倒し・運動・個室静穏を軸に共同生活の切り戻しを維持した。	msg_conv_run_a_20x100_step049_routine_01;msg_conv_run_a_20x100_step049_routine_02;msg_conv_run_a_20x100_step049_routine_03	llm_summary	llm_detail
conv_run_a_20x100_step050_CONF13	50	run_a_20x100	ISS13;ISS15	common_area	CONF13	conflict	repaired	trouble	食事準備のテンポ調整で境界を確認し、短い修復へ移行	共用エリアでの会話は前回の衝突後も緊張が残る状態から始まった。Sitiは作業ペースを守りつつ役割を固定し、Amaraは圧をかけない運びに切り替えた。食事準備後に窓辺で地球観測と短い静穏時間を取り、関係の摩擦を距離調整しながらいったん和らげる流れ。	msg_conv_run_a_20x100_step050_CONF13_01;msg_conv_run_a_20x100_step050_CONF13_02	llm_summary	llm_detail
conv_run_a_20x100_step050_routine	50	run_a_20x100	ISS06;ISS08	hab_module		routine	repaired	normal	空調音の違和感で観測前手順を短く再確認	hab_moduleでの地球観測前、AishaとMarcusは前段の「2分ずつ」「ここ止める」「食事は5分早め・個室5分静穏」を踏まえた低負荷運用を継続しつつ、空調音を巡る不快感で一瞬摩擦した。両者は即座に距離を保ったまま修復的に軌道を戻した。	msg_conv_run_a_20x100_step050_routine_01;msg_conv_run_a_20x100_step050_routine_02	llm_summary	llm_detail
conv_run_a_20x100_step051_REPA13	51	run_a_20x100	ISS13;ISS15	common_area	REPA13	repair	repaired	repair	食事役割をすり合わせ、静かな時間を共有へ戻す	common_areaで食事下ごしらえをめぐる緊張を受け止め、Sitiは自分のペースを保ったまま役割分担を提案。Amaraも速さを抑え、食事後の地球観測と個室での静穏時間を確認し、関係の距離を戻そうとしている。	msg_conv_run_a_20x100_step051_REPA13_01;msg_conv_run_a_20x100_step051_REPA13_02;msg_conv_run_a_20x100_step051_REPA13_03	llm_summary	llm_detail
conv_run_a_20x100_step051_routine	51	run_a_20x100	ISS07;ISS09	hab_module		routine	repaired	normal	空調音を抑えて、観測前の静けさを短時間確保	前の会話で刺激的な言い回しを避ける流れを踏襲し、hab_moduleでの空調音対策を短く合意。Sofiaの懸念をHenriが受け止め、運動・食事の時間を微調整して距離を取りつつ協調を維持した。	msg_conv_run_a_20x100_step051_routine_01;msg_conv_run_a_20x100_step051_routine_02	llm_summary	llm_detail
conv_run_a_20x100_step052_CONF06	52	run_a_20x100	ISS18;ISS08	common_area	CONF06	conflict	repaired	trouble	指示語の鋭さを受け、順番ルールで一旦再調整	COMMON_AREAでDmitriとMarcusが観測前のやり取りで衝突。命令調と受け取られた緊張が表面化し、前回の修復で定着した地球観測前2分ずつと「ここ止める」を再確認。食事前の時間繰り下げや個室5分静穏で距離を取りつつ関係を戻す流れ。	msg_conv_run_a_20x100_step052_CONF06_01;msg_conv_run_a_20x100_step052_CONF06_02;msg_conv_run_a_20x100_step052_CONF06_03	llm_summary	llm_detail
conv_run_a_20x100_step052_REPA13	52	run_a_20x100	ISS13;ISS15	common_area	REPA13	repair	repaired	repair	食事の分担とテンポを再確認し、圧を減らす合図を共有した	common_areaでの食事準備をめぐる緊張を受け、Sitiは先に作業境界を提示し、Amaraも速度を落とす姿勢を示した。終盤は地球観測と静かな個室休息まで含めて、距離を縮める流れを戻した。	msg_conv_run_a_20x100_step052_REPA13_01;msg_conv_run_a_20x100_step052_REPA13_02	llm_summary	llm_detail
conv_run_a_20x100_step052_routine	52	run_a_20x100	ISS01;ISS04	common_area		routine	repaired	normal	持ち寄り棚を最小運用に戻し、共通区画の流れを立て直した	前段で言い方の鋭さが残る中、共通エリアでPRIYAとLINHが再接続。Priyaは不安で負荷を下げたい一方、Linhは温度を保って短時間運用を提案し、食事前片付けと静かな帰還を合意した。	msg_conv_run_a_20x100_step052_routine_01;msg_conv_run_a_20x100_step052_routine_02	llm_summary	llm_detail
conv_run_a_20x100_step053_CONF06	53	run_a_20x100	ISS18;ISS08	common_area	CONF06	conflict	repaired	trouble	規律の境界を確認し、短く切る合図で距離を戻す	ISS18（秩序重視）とMarcus（評価を意識し反発しやすい）がcommon_areaで進行順と話し方を巡り再び緊張。地球観測・運動前の流れは既存の2分交互に踏み切り、言葉の刺さりを受けつつ「ここ止める」で境界を戻す修復を試す。	msg_conv_run_a_20x100_step053_CONF06_01;msg_conv_run_a_20x100_step053_CONF06_02;msg_conv_run_a_20x100_step053_CONF06_03	llm_summary	llm_detail
conv_run_a_20x100_step053_routine	53	run_a_20x100	ISS05;ISS06	common_area		routine	repaired	normal	共用部の声量を短文合図で折衷し、距離調整を残して継続	前ステップの修復導線を踏まえ、共同エリアでISS05とISS06が声量について短く調整。少し刺さる言い回しは残るが、地球観測前の運用を確認し、詰まったら『ここで止める』で個室静穏時間へ戻る方針で接続を保った。	msg_conv_run_a_20x100_step053_routine_01;msg_conv_run_a_20x100_step053_routine_02;msg_conv_run_a_20x100_step053_routine_03	llm_summary	llm_detail
conv_run_a_20x100_step054_CONF06	54	run_a_20x100	ISS18;ISS08	common_area	CONF06	conflict	repaired	trouble	摩擦後も合図ルールを確認し、距離を保って再調整へ	common_areaで規律を重視するDmitriの硬い言い方にMarcusが警戒反応。前段で決めた2分交替観測と『ここ止める』合図を引き継ぎ、運動・食事・個室静穏の流れを再提示し、緊張は残るが関係の修復に向けた一歩を踏み出した。	msg_conv_run_a_20x100_step054_CONF06_01;msg_conv_run_a_20x100_step054_CONF06_02;msg_conv_run_a_20x100_step054_CONF06_03	llm_summary	llm_detail
conv_run_a_20x100_step054_routine	54	run_a_20x100	ISS00;ISS04	hab_module		routine	repaired	normal	生活区画の作業を短く整理し、往復手順を再調整	前ステップの刺さるやり取りを受け、ISS00が短く再提案。ISS04は受け止めて協力姿勢を維持し、habモジュールの生活区画は左の2棚に限定。食事・片付け・運動・個室静穏の流れを再確認して、緊張を下げる方向で距離を戻した。	msg_conv_run_a_20x100_step054_routine_01;msg_conv_run_a_20x100_step054_routine_02	llm_summary	llm_detail
conv_run_a_20x100_step055_CONF06	55	run_a_20x100	ISS18;ISS08	common_area	CONF06	conflict	repaired	trouble	指示を短くし、観測の合図運用で摩擦を引き戻す合意	共用エリアで続いたDmitriとMarcusの規律対自律の衝突に対し、直前の「君→俺の2分交代」「ここ止める」で気まずさを収める方向へ。双方緊張は残るが、地球観測前の運用を再確認した。	msg_conv_run_a_20x100_step055_CONF06_01;msg_conv_run_a_20x100_step055_CONF06_02	llm_summary	llm_detail
conv_run_a_20x100_step055_routine	55	run_a_20x100	ISS00;ISS04	common_area		routine	repaired	normal	左2棚に絞り、短い補給整備で場を落ち着かせる	ステップ54までの短文やり取りの流れを受け、陳偉は短く先に進める姿勢を保ちつつ軽く刺さる言い回しを残す。Linhが受け止めて温かく軌道修正し、common_areaで補給品配置と食事前片付け、運動・個室静穏、地球観測前戻りを再確認して緊張を下げた。	msg_conv_run_a_20x100_step055_routine_01;msg_conv_run_a_20x100_step055_routine_02	llm_summary	llm_detail
conv_run_a_20x100_step056_REPA06	56	run_a_20x100	ISS18;ISS08	common_area	REPA06	repair	repaired	repair	言い回しを整え、共通ルールで距離を戻す合図を再設定	ISS18とISS08はcommon_areaで、ここ数ステップ続いた硬さを受け入れ直しつつ、地球観測2分交代と運動前の『ここ止める』を軸に手順を再確認した。食事早めと個室静穏時間を入れ、評価される不安を下げながら修復へ向かう対話となった。	msg_conv_run_a_20x100_step056_REPA06_01;msg_conv_run_a_20x100_step056_REPA06_02	llm_summary	llm_detail
conv_run_a_20x100_step056_routine	56	run_a_20x100	ISS01;ISS09	lab_module		routine	repaired	normal	実験ログを短縮確認し、観測前の静穏手順を再確認した	lab_moduleでPriyaとHenriは、これまでのやり取りを踏まえ刺さる会話を避ける前提で実験ログを短く合わせた。食事前の片付け時間、2分運動、地球観測前の静けさ、個室へ戻る流れを確認して不安を戻した。	msg_conv_run_a_20x100_step056_routine_01;msg_conv_run_a_20x100_step056_routine_02;msg_conv_run_a_20x100_step056_routine_03	llm_summary	llm_detail
conv_run_a_20x100_step057_REPA06	57	run_a_20x100	ISS18;ISS08	common_area	REPA06	repair	repaired	repair	観測合図を共有し、修復の共通ルールを再確認	common_areaでの再調整では、前段の硬い言い回しで刺さったやり取りを踏まえ、ISS18が主導を少し抑えつつ手順ベースで戻す形に変更。運動前の一時停止、地球観測の順番、観測後の食事と個室静穏を合わせ、注意と警戒を下げながら距離を戻す流れ。	msg_conv_run_a_20x100_step057_REPA06_01;msg_conv_run_a_20x100_step057_REPA06_02	llm_summary	llm_detail
conv_run_a_20x100_step057_routine	57	run_a_20x100	ISS01;ISS09	common_area		routine	repaired	normal	食事前の片付けを短時間で調整し、観測前の静穏へ	共用エリアでISS01（不安寄り）とISS09（穏やか）が、前段階の長引き回避方針を踏まえ、食事・片付け・運動・個室静穏の流れを短く確認した。軽い棘がある提起後、ISS09が受け止めてリズムを合わせ、関係は一度距離を取りつつ修復。	msg_conv_run_a_20x100_step057_routine_01;msg_conv_run_a_20x100_step057_routine_02	llm_summary	llm_detail
conv_run_a_20x100_step058_REPA06	58	run_a_20x100	ISS18;ISS08	common_area	REPA06	repair	repaired	repair	観測前の合図再確認で、歩調を合わせる方向に戻る	common_areaでの対話は、地球観測と運動の取り決めで言い方が硬くなるやり取りが続いた後。両者は相手の主導を尊重し、2分交代・「ここ止める」合図、観測後の食事5分早めと個室5分静穏へ再調整し、緊張を下げて修復を進めている。	msg_conv_run_a_20x100_step058_REPA06_01;msg_conv_run_a_20x100_step058_REPA06_02	llm_summary	llm_detail
conv_run_a_20x100_step058_routine	58	run_a_20x100	ISS00;ISS04	common_area		routine	repaired	normal	左2棚の補給整理で短時間運用に合意	前ステップで積み重ねた「短く進める」合意を踏まえ、common_areaで補給品の置き場所を左2棚に限定して確認。ISS00の不安寄りの指示にもLinhが穏やかに受け、食事前の2分片付けと運動2分後に個室静穏へ戻る流れで関係の温度を戻した。	msg_conv_run_a_20x100_step058_routine_01;msg_conv_run_a_20x100_step058_routine_02;msg_conv_run_a_20x100_step058_routine_03	llm_summary	llm_detail
conv_run_a_20x100_step059_REPA06	59	run_a_20x100	ISS18;ISS08	common_area	REPA06	repair	repaired	repair	主導権を譲って会話テンポを戻し、修復モードを継続	DmitriとMarcusは直前までの硬い言い回しを踏まえ、common_areaで地球観測の手順を再確認。評価への警戒は残るが、互いに合図ルールと静かな回復時間を共有し、緊張を保ったまま距離を戻す流れへ移った。	msg_conv_run_a_20x100_step059_REPA06_01;msg_conv_run_a_20x100_step059_REPA06_02;msg_conv_run_a_20x100_step059_REPA06_03	llm_summary	llm_detail
conv_run_a_20x100_step059_routine	59	run_a_20x100	ISS00;ISS04	common_area		routine	repaired	normal	食事前の最小片付けでリズム再調整	共同エリアで、短時間志向の陳偉と温かい調整型のLinhが、先行の刺さる言い回しを受け止めつつ作業線を再設定。左2棚のみの2分片付けと2分運動後、個室静穏へ戻る流れを確認して距離を保つ。	msg_conv_run_a_20x100_step059_routine_01;msg_conv_run_a_20x100_step059_routine_02;msg_conv_run_a_20x100_step059_routine_03	llm_summary	llm_detail
conv_run_a_20x100_step060_CONF11	60	run_a_20x100	ISS10;ISS12	common_area	CONF11	conflict	repaired	trouble	common_areaで説明の距離を詰め、短時間確認に切り替えた	前段の食事後発話での負担感を踏まえ、ISS10は説明の長さが原因で警戒が上がっている点を認める。ISS12は文字より実物確認を重視するため、共用部の議論を食後の水分記録後に5分だけ実務確認へ移すことで、修復方向に寄せた。	msg_conv_run_a_20x100_step060_CONF11_01;msg_conv_run_a_20x100_step060_CONF11_02	llm_summary	llm_detail
conv_run_a_20x100_step060_routine	60	run_a_20x100	ISS03;ISS04	exercise_area		routine	repaired	normal	身体ルーティンを最短化しつつ、距離感を保って修復	exercise_areaでの身体ルーティン確認は、前段の短い会話の行き違いを受けて一度言い方を慎重に揃える形になった。防衛的なAmirの高警戒を尊重し、Linhが温かく負荷を下げる提案で、食事前片付け・短時間運動・個室静穏へと接続して関係の緊張を小さく戻した。	msg_conv_run_a_20x100_step060_routine_01;msg_conv_run_a_20x100_step060_routine_02;msg_conv_run_a_20x100_step060_routine_03	llm_summary	llm_detail
conv_run_a_20x100_step061_CONF11	61	run_a_20x100	ISS10;ISS12	common_area	CONF11	conflict	repaired	trouble	食後の水分記録で説明を短くし、静かな場所で手順再確認へ	common_areaでRaviとTariqの間で技術説明の長さを巡る警戒が続いていたが、食事後5分の短い同席に落として調整に入る流れ。Tariqは地球観測ログを見ながら実務確認を望み、個室で運動前に手順をすり合わせることで距離を戻そうとしている。	msg_conv_run_a_20x100_step061_CONF11_01;msg_conv_run_a_20x100_step061_CONF11_02;msg_conv_run_a_20x100_step061_CONF11_03	llm_summary	llm_detail
conv_run_a_20x100_step061_routine	61	run_a_20x100	ISS05;ISS06	common_area		routine	repaired	normal	食事前の片付けを短く確認し、刺さりを避ける距離調整	前回のやり取りの違和感を意識しつつ、common_areaで地球観測前の共用作業を再調整した。田中誠の慎重さとAishaの率直さを踏まえ、刺さりを避ける合図で運動・観測・静穏時間へ戻る流れを共有した。	msg_conv_run_a_20x100_step061_routine_01;msg_conv_run_a_20x100_step061_routine_02;msg_conv_run_a_20x100_step061_routine_03	llm_summary	llm_detail
conv_run_a_20x100_step062_CONF11	62	run_a_20x100	ISS10;ISS12	common_area	CONF11	conflict	repaired	trouble	食後記録で短文運用に合わせ、摩擦を引き戻す	ISS10とISS12は前ステップの文字中心説明への違和感を引きずりつつ、共用エリアで再接触。食後水分記録を先行し、地球観測ログ確認と運動前の静かな個室で手順照合へ合意。両者とも緊張は残るが距離は少し戻った。	msg_conv_run_a_20x100_step062_CONF11_01;msg_conv_run_a_20x100_step062_CONF11_02;msg_conv_run_a_20x100_step062_CONF11_03	llm_summary	llm_detail
conv_run_a_20x100_step062_routine	62	run_a_20x100	ISS02;ISS01	common_area		routine	repaired	normal	補給品置き場を短時間で再調整し、刺激を抑えて復帰手順を共有	以前の短い合意を受け、Fatimaの高負荷を尊重しつつPriyaも衝突を抑えた言い回しを試みる形で再調整。common_areaで最小範囲の確認に留め、食事前5分・観測前静穏・個室で回復する流れを再確認した。	msg_conv_run_a_20x100_step062_routine_01;msg_conv_run_a_20x100_step062_routine_02;msg_conv_run_a_20x100_step062_routine_03	llm_summary	llm_detail
conv_run_a_20x100_step063_REPA11	63	run_a_20x100	ISS10;ISS12	common_area	REPA11	repair	repaired	repair	説明を短くし、作業順で距離を取り戻した	ISS10とISS12は共通エリアでの食後水分記録時のすれ違いを起点に、次の手順を実物確認中心へ戻す合意を形成。地球観測ログを確認し個室で短く合わせ、緊張を残しつつも修復方向へ進む。	msg_conv_run_a_20x100_step063_REPA11_01;msg_conv_run_a_20x100_step063_REPA11_02;msg_conv_run_a_20x100_step063_REPA11_03	llm_summary	llm_detail
conv_run_a_20x100_step063_routine	63	run_a_20x100	ISS11;ISS17	common_area		routine	repaired	normal	共用部の音量を短時間で調整し静穏時間を守る	ISS11とISS17がcommon_areaで、以前の軽い衝突と調整履歴を踏まえ、共用部の反響音が食事前の静かな時間と個室移行に及ぼす影響を確認。分析より空気を優先し、声量を下げて短く接触しつつ距離を戻した。	msg_conv_run_a_20x100_step063_routine_01;msg_conv_run_a_20x100_step063_routine_02;msg_conv_run_a_20x100_step063_routine_03	llm_summary	llm_detail
conv_run_a_20x100_step064_CONF07	64	run_a_20x100	ISS12;ISS17	common_area	CONF07	conflict	unresolved	trouble	文字ルールの擦れ違いに、手順確認で距離を戻す	共同エリアでTariqとIngridが、先の会話で続く文字中心運用への違和感を受けて再度緊張。短い実務確認へ戻し、食後の水分記録、地球観測ログ、運動前の確認に絞って整えようとする段階。	msg_conv_run_a_20x100_step064_CONF07_01;msg_conv_run_a_20x100_step064_CONF07_02	llm_summary	llm_detail
conv_run_a_20x100_step064_REPA11	64	run_a_20x100	ISS10;ISS12	common_area	REPA11	repair	repaired	repair	食後5分ルーティンで距離を戻し会話を短縮	共通空間での修復継続中。Raviは先の説明の硬さを認め、Tariqの置き去り感に配慮して短文運用に戻した。食後の水分記録、地球観測ログ、個室確認、運動前の静穏時間へ同じ順で再調整し警戒は残るが接触は復帰。	msg_conv_run_a_20x100_step064_REPA11_01;msg_conv_run_a_20x100_step064_REPA11_02;msg_conv_run_a_20x100_step064_REPA11_03	llm_summary	llm_detail
conv_run_a_20x100_step064_routine	64	run_a_20x100	ISS06;ISS08	hab_module		routine	repaired	normal	空調音を区切りで調整し、観測前後の流れを合わせる	hab_moduleでAishaはMarcusの高ぶりを受け止めつつ空調音の扱いを短く提示し、観測・運動・食事・静穏時間を合図運用へ接続。直前の衝突修復の余韻を踏まえ、刺さりやすさを認めて距離を保った再調整へ戻す形になった。	msg_conv_run_a_20x100_step064_routine_01;msg_conv_run_a_20x100_step064_routine_02	llm_summary	llm_detail
conv_run_a_20x100_step065_CONF07	65	run_a_20x100	ISS12;ISS17	common_area	CONF07	conflict	repaired	trouble	文字ルール衝突を短い現物確認へ戻して再調整	ISS12とISS17は共用エリアで先の説明摩擦を抱えたまま対峙し、前ステップの短文運用を引き継ぎつつ、文字ルールの運び方を再調整した。緊張は残るが、食後記録・地球観測・個室時間を軸に距離を保った協働へ戻そうとしている。	msg_conv_run_a_20x100_step065_CONF07_01;msg_conv_run_a_20x100_step065_CONF07_02;msg_conv_run_a_20x100_step065_CONF07_03	llm_summary	llm_detail
conv_run_a_20x100_step065_REPA11	65	run_a_20x100	ISS10;ISS12	common_area	REPA11	repair	repaired	repair	食後記録で合図をそろえ、短い言葉で距離を戻し始めた	RaviとTariqは直前の文字中心のやり取りでのズレを受け、共用エリアで短時間の再調整に入った。Tariqの警戒は残るが、食後の水分記録と地球観測確認、個室での静かな最終確認へ移すことで関係の圧を下げる修復が進行している。	msg_conv_run_a_20x100_step065_REPA11_01;msg_conv_run_a_20x100_step065_REPA11_02;msg_conv_run_a_20x100_step065_REPA11_03	llm_summary	llm_detail
conv_run_a_20x100_step065_routine	65	run_a_20x100	ISS10;ISS01	common_area		routine	repaired	normal	補給品配置を短時間で再調整し、距離を戻す	common_areaで、前段の長文化で刺さった余韻を受け、Raviは事実ベースに絞って提案。Priyaは警戒は残すが、食事・観測・運動前の静かな合図で協働を切り戻す形の会話を成立させた。	msg_conv_run_a_20x100_step065_routine_01;msg_conv_run_a_20x100_step065_routine_02;msg_conv_run_a_20x100_step065_routine_03	llm_summary	llm_detail
conv_run_a_20x100_step066_CONF07	66	run_a_20x100	ISS12;ISS17	common_area	CONF07	conflict	repaired	trouble	文字手順の衝突を短縮運用で収束へ	共同エリアでの短文ルール摩擦が再発し、短く実物確認を求めるTariqと分析寄りのIngridが、食後記録・地球観測・個室での短時間確認へすり合わせた。	msg_conv_run_a_20x100_step066_CONF07_01;msg_conv_run_a_20x100_step066_CONF07_02;msg_conv_run_a_20x100_step066_CONF07_03	llm_summary	llm_detail
conv_run_a_20x100_step066_routine	66	run_a_20x100	ISS00;ISS04	common_area		routine	repaired	normal	共用部で声量を短く合わせ、連携を静かに再調整	陳偉とLinhの短いやり取りが続いた流れを踏まえ、共同エリアでの会話音を最小化する確認。陳偉の不安と静けさ志向に対し、Linhが配慮して応じ、食事前片付け・運動2分・個室静穏のルーティンを軸に距離を戻す合図となった。	msg_conv_run_a_20x100_step066_routine_01;msg_conv_run_a_20x100_step066_routine_02;msg_conv_run_a_20x100_step066_routine_03	llm_summary	llm_detail
conv_run_a_20x100_step067_CONF07	67	run_a_20x100	ISS12;ISS17	common_area	CONF07	conflict	open	trouble	文字手順の温度差が再発。現物確認へ短縮して一旦収束へ	共通エリアでISS12とISS17が、文字中心の指示に対する疎外感と読み取り遅れで摩擦し再び緊張。食後記録や運動前の現物確認、地球観測ログ、個室の静穏時間へ戻す流れで、完全解決より距離調整を優先している。	msg_conv_run_a_20x100_step067_CONF07_01;msg_conv_run_a_20x100_step067_CONF07_02;msg_conv_run_a_20x100_step067_CONF07_03	llm_summary	llm_detail
conv_run_a_20x100_step067_routine	67	run_a_20x100	ISS02;ISS03	common_area		routine	repaired	normal	共用部の声量を最小合意で調整し、短く関係を戻す	Fatima(ISS02)とAmir(ISS03)は、過去の長めのやり取りで刺激を避ける流れを踏まえ、common_areaで共用部の声量を短く確認。注意域のまま刺さる余地を残さず、食事・運動・地球観測前の静穏時間に合わせて「ここまで」で切り上げる合意を取り、摩擦を下げる。	msg_conv_run_a_20x100_step067_routine_01;msg_conv_run_a_20x100_step067_routine_02	llm_summary	llm_detail
conv_run_a_20x100_step068_REPA07	68	run_a_20x100	ISS12;ISS17	common_area	REPA07	repair	repaired	repair	食後の現物確認で、言い方の刺さりを一度戻す修復	ISS12とISS17はcommon_areaで前段の言い回しの摩擦を意識しつつ、食後記録と地球観測ログを続行。短い文字指示だけで済ませ、食前運動前に現物で5分確認して静穏時間へ戻る流れで距離を戻し始めた。	msg_conv_run_a_20x100_step068_REPA07_01;msg_conv_run_a_20x100_step068_REPA07_02;msg_conv_run_a_20x100_step068_REPA07_03	llm_summary	llm_detail
conv_run_a_20x100_step068_routine	68	run_a_20x100	ISS00;ISS04	hab_module		routine	repaired	normal	空調の音を落として観測前の流れを小休止で修復	後半再調整中の共用部で、陳偉が短く空調音の高まりを指摘し、Linhは受け止めて提案を即調整した。観測前の食事準備と2分運動、個室静穏へ接続しつつ、以前の言い過ぎ感を避ける距離感を保っている。	msg_conv_run_a_20x100_step068_routine_01;msg_conv_run_a_20x100_step068_routine_02	llm_summary	llm_detail
conv_run_a_20x100_step069_REPA07	69	run_a_20x100	ISS12;ISS17	common_area	REPA07	repair	repaired	repair	現物確認で間を取り直す会話、緊張を戻しつつ修復へ	共用エリアで、ISS12とISS17が文字ベースの説明で刺さった余韻を受けて再調整。食後の作業手順を短く切り、地球観測ログ確認→運動前の現物照合→個室で静かな整理に合わせることで、距離の修復を試みる。	msg_conv_run_a_20x100_step069_REPA07_01;msg_conv_run_a_20x100_step069_REPA07_02	llm_summary	llm_detail
conv_run_a_20x100_step069_routine	69	run_a_20x100	ISS00;ISS04	common_area		routine	repaired	normal	持ち寄り棚を短時間ルールで再調整、静かな共用部運用を確認	ISS00は共用部での緊張を残さないよう、短く淡々と整える方針を再確認。ISS04はその意図を汲み取り、言い合いを拡大させず温かく受け止める。場所はcommon_area、食事前の2分整理と2分運動後に静かな個室へ戻る流れで、距離を詰めつつ修復した。	msg_conv_run_a_20x100_step069_routine_01;msg_conv_run_a_20x100_step069_routine_02	llm_summary	llm_detail
conv_run_a_20x100_step070_REPA07	70	run_a_20x100	ISS12;ISS17	common_area	REPA07	repair	repaired	repair	食後5分の現物確認で、言い方の距離を戻す	ISS12とISS17は共用区画でのやり取りで、以前の数字寄りの言い方が刺さった流れを受け、修復に向けてペースを落としている。食後→地球観測→運動前の順で現物確認を短く行い、終わったら個室で静かな再整理に戻す方針で情緒を戻している。	msg_conv_run_a_20x100_step070_REPA07_01;msg_conv_run_a_20x100_step070_REPA07_02	llm_summary	llm_detail
conv_run_a_20x100_step070_routine	70	run_a_20x100	ISS00;ISS04	common_area		routine	repaired	normal	持ち寄り棚を短時間運用に調整し、観測前ルーティンへ	共用部で陳偉とLinhが持ち寄り棚を表向き中心にまとめる方針を確認。直近の音量配慮を挟み、緊張を残しつつも「2分片付け→2分運動→個室静穏→観測前」の流れで関係の距離を戻す修復的なやり取り。	msg_conv_run_a_20x100_step070_routine_01;msg_conv_run_a_20x100_step070_routine_02;msg_conv_run_a_20x100_step070_routine_03	llm_summary	llm_detail
conv_run_a_20x100_step071_REPA07	71	run_a_20x100	ISS12;ISS17	common_area	REPA07	repair	repaired	repair	文字ルール論争後、現物確認で距離をゆるめ再接続	ISS12とISS17は前段階の「短文・現物確認」提案を踏まえ、common_areaで食後観測の順序を合わせる形で会話を再開。刺さった記憶は残るが、双方とも声のトーンを落として実務手順を先に揃え、修復の方向へ進んでいる。	msg_conv_run_a_20x100_step071_REPA07_01;msg_conv_run_a_20x100_step071_REPA07_02	llm_summary	llm_detail
conv_run_a_20x100_step071_routine	71	run_a_20x100	ISS01;ISS09	hab_module		routine	repaired	normal	移動の合図を短く合わせ、観測前の静穏を再確認	前ステップでの長引き回避の修正合意を受け、hab_moduleで移動タイミングを短い合図に統一する話し合い。Priyaの不安を受けつつHenriが穏やかに受容し、運動→個室→観測前静寂の流れを再調整した。	msg_conv_run_a_20x100_step071_routine_01;msg_conv_run_a_20x100_step071_routine_02	llm_summary	llm_detail
conv_run_a_20x100_step072_routine	72	run_a_20x100	ISS01;ISS09	common_area		routine	repaired	normal	持ち寄り棚を短時間運用で再確認	common_areaでの通常交換。先の長引きや刺さりを踏まえ、Priyaの不安を受け止めつつHenriが落ち着いて軸を整える。食事前の短時間移動、運動後の個室静穏、観測前の時間確保を確認した。	msg_conv_run_a_20x100_step072_routine_01;msg_conv_run_a_20x100_step072_routine_02;msg_conv_run_a_20x100_step072_routine_03	llm_summary	llm_detail
conv_run_a_20x100_step073_CONF08	73	run_a_20x100	ISS16;ISS14	common_area	CONF08	conflict	repaired	trouble	観察と励ましのすれ違いを認識し、役割分担を確認	common_areaでのケア偏重をめぐり、ElenaとKwameの緊張は続いたが、前回の短い補給調整の流れを踏まえ、作業と休息の境界を確認した。地球観測準備や食事前ルートの分担を具体化し、相互に離れて息をつく工夫を決めた。	msg_conv_run_a_20x100_step073_CONF08_01;msg_conv_run_a_20x100_step073_CONF08_02;msg_conv_run_a_20x100_step073_CONF08_03	llm_summary	llm_detail
conv_run_a_20x100_step073_routine	73	run_a_20x100	ISS00;ISS04	common_area		routine	repaired	normal	共用部の音量を短く落とし、観測前の流れに戻す	陳偉とLinhは、同じ共用部の会話中に続いた音量の刺さりを受け止め、少し刺々しさを残したまま短時間運用に寄せることで場の緊張を下げた。個室静穏と地球観測前の準備へつなげることで、共同生活のリズムを維持しつつ修復の余地を残している。	msg_conv_run_a_20x100_step073_routine_01;msg_conv_run_a_20x100_step073_routine_02;msg_conv_run_a_20x100_step073_routine_03	llm_summary	llm_detail
conv_run_a_20x100_step074_CONF08	74	run_a_20x100	ISS16;ISS14	common_area	CONF08	conflict	repaired	trouble	ケア偏りを受け止め、役割を一段戻す	common_areaでの負荷配分めぐる摩擦は継続し、前段階でElenaが主導していた支援を分割したことを受けている。Elenaは運動準備をKwameへ回し、食事前点検は短く共有。Kwameは地球観測前の静かな時間と個室休息を認め、緊張は残るものの距離は縮まった。	msg_conv_run_a_20x100_step074_CONF08_01;msg_conv_run_a_20x100_step074_CONF08_02;msg_conv_run_a_20x100_step074_CONF08_03	llm_summary	llm_detail
conv_run_a_20x100_step074_routine	74	run_a_20x100	ISS00;ISS04	common_area		routine	repaired	normal	共用棚の補給品配置を簡潔に統一し、観測前の静穏手順を再確認	前ステップで音量配慮を巡る短い行き違いがあったため、関係を崩さない範囲で場所決めを低負荷で継続。common_areaで補給品の置き位置を短時間運用に合わせて調整し、地球観測前の2分ルーティン・個室静穏へ橋渡しした。	msg_conv_run_a_20x100_step074_routine_01;msg_conv_run_a_20x100_step074_routine_02	llm_summary	llm_detail
conv_run_a_20x100_step075_CONF08	75	run_a_20x100	ISS16;ISS14	common_area	CONF08	conflict	repaired	trouble	ElenaとKwameが共通エリアでケア分担を再調整し、静穏時間を合図化	食事前点検・運動準備を巡る摩擦が続き、ケア役の固定化で緊張が高まる。共通エリアでElenaとKwameが一度線を引き、個室休息と合図ベースの対応で距離を戻し始めた。	msg_conv_run_a_20x100_step075_CONF08_01;msg_conv_run_a_20x100_step075_CONF08_02	llm_summary	llm_detail
conv_run_a_20x100_step075_routine	75	run_a_20x100	ISS00;ISS04	cupola		routine	repaired	normal	観測前の地球時間を短縮運用で再調整	過去のやり取りで一度刺さる空気が生じた後、cupolaで地球観測前の導線を絞ることで気まずさを保留した。陳偉は短く静かに進めたい意向を示し、Linhは受容しながら整理・運動・個室静養の流れで接点を戻した。	msg_conv_run_a_20x100_step075_routine_01;msg_conv_run_a_20x100_step075_routine_02	llm_summary	llm_detail
conv_run_a_20x100_step076_CONF08	76	run_a_20x100	ISS16;ISS14	common_area	CONF08	conflict	repaired	trouble	ケア偏重を分担調整で収束へ	common_areaで続くElenaとKwameの摩擦は、直前の会話で境界線を確認しつつも警戒感が残ったまま。食事前点検・運動準備・地球観測前の静かな時間を役割分担し、合図ベースで距離を戻していく段階。	msg_conv_run_a_20x100_step076_CONF08_01;msg_conv_run_a_20x100_step076_CONF08_02;msg_conv_run_a_20x100_step076_CONF08_03	llm_summary	llm_detail
conv_run_a_20x100_step076_routine	76	run_a_20x100	ISS01;ISS09	common_area		routine	repaired	normal	共用部の声量を短時間運用で再調整	先のやり取りで生じた言い方の刺さりを受けて、PriyaとHenriは共用部で衝突を避けるため日課を再確認した。食事前5分、運動2分、観測前10分を静かな時間枠として扱い、静穏と観測維持を優先する。	msg_conv_run_a_20x100_step076_routine_01;msg_conv_run_a_20x100_step076_routine_02;msg_conv_run_a_20x100_step076_routine_03	llm_summary	llm_detail
conv_run_a_20x100_step077_REPA08	77	run_a_20x100	ISS16;ISS14	common_area	REPA08	repair	repaired	repair	食事点検と運動分担を再調整し静寂時間を固定	共同エリアでの前回までのケア偏重の衝突を受け、Elenaは言い切りを抑え業務分担を分ける方向へ。Kwameは励ましの強さを調整し、食事点検・運動準備・地球観測前の個室静穏を確認。緊張は残るが距離を戻しつつ修復に向かった。	msg_conv_run_a_20x100_step077_REPA08_01;msg_conv_run_a_20x100_step077_REPA08_02;msg_conv_run_a_20x100_step077_REPA08_03	llm_summary	llm_detail
conv_run_a_20x100_step077_routine	77	run_a_20x100	ISS07;ISS09	hab_module		routine	repaired	normal	生活区画を短時間運用で再調整、観測前に静穏へ移行	前の連続協議を受け、Sofiaは負担を避けた短い提案で居住区画の荷物整理を主張。Henriは穏やかに同調し、運動・食事・観測前静寂の順序を確認して修復的に距離を取り直す。	msg_conv_run_a_20x100_step077_routine_01;msg_conv_run_a_20x100_step077_routine_02	llm_summary	llm_detail
conv_run_a_20x100_step078_REPA08	78	run_a_20x100	ISS16;ISS14	common_area	REPA08	repair	repaired	repair	主導とケア分担を戻し、合図で距離を整える修復	common_areaで、前ステップまでの言い方の過剰さを受け止めつつ、ElenaとKwameがケア役の偏りを修正する方針を確認。食事点検・運動準備は分担し、地球観測前10分は個室で静穏時間を確保する合意で、まだ刺さりは残るが互いの緊張は引き下がった。	msg_conv_run_a_20x100_step078_REPA08_01;msg_conv_run_a_20x100_step078_REPA08_02	llm_summary	llm_detail
conv_run_a_20x100_step078_routine	78	run_a_20x100	ISS05;ISS06	common_area		routine	repaired	normal	補給品の置き場を短時間で再確認し、摩擦を抑える	共用エリアでISS05とISS06が控えめかつ率直に調整。過去の刺さりを引きずりつつ、会話量を抑えつつ補給品の置き場所を整理し、5分早めの食事・地球観測・静穏時間へ戻る導線を確認した。	msg_conv_run_a_20x100_step078_routine_01;msg_conv_run_a_20x100_step078_routine_02;msg_conv_run_a_20x100_step078_routine_03	llm_summary	llm_detail
conv_run_a_20x100_step079_REPA08	79	run_a_20x100	ISS16;ISS14	common_area	REPA08	repair	repaired	repair	合図制で支援分担を調整し、関係の距離を戻す	common_areaでの修復会話。過去の言い回しの鋭さを受け止めつつ、Elenaは食事点検や運動準備の負担を分け、地球観測前の静穏時間と個室休息を優先する。Kwameは合図まで励ましを抑え共有を増やすことで、緊張は残るが回復方向に移行した。	msg_conv_run_a_20x100_step079_REPA08_01;msg_conv_run_a_20x100_step079_REPA08_02;msg_conv_run_a_20x100_step079_REPA08_03	llm_summary	llm_detail
conv_run_a_20x100_step079_routine	79	run_a_20x100	ISS14;ISS16	common_area		routine	repaired	normal	地球観測前提で片付けと点検の負担を再配分	以前の声かけの強さを反省した直後の共用エリア会話。食事点検と片付けを半分ずつにし、地球観測前10分の個室静穏と合図運用を確認して、緊張を残しつつ接点を穏やかに戻した。	msg_conv_run_a_20x100_step079_routine_01;msg_conv_run_a_20x100_step079_routine_02	llm_summary	llm_detail
conv_run_a_20x100_step080_REPA08	80	run_a_20x100	ISS16;ISS14	common_area	REPA08	repair	repaired	repair	地球観測前の静寂を軸に、ケア分担を小さく戻す	step79までの強めの言い方と励ましの行き過ぎを受け、common_areaで分担を再調整。食事点検は半々、運動準備は交代制、地球観測前10分は個室で静穏確保という具体的合意を再確認し、緊張を残したまま接近し直す。	msg_conv_run_a_20x100_step080_REPA08_01;msg_conv_run_a_20x100_step080_REPA08_02	llm_summary	llm_detail
conv_run_a_20x100_step080_routine	80	run_a_20x100	ISS14;ISS16	common_area		routine	repaired	normal	食事点検と片付けを半々に戻し、観測前の静寂時間を確保	共用エリアでのルーティン中、前段での言葉の強さを受けて緊張が残る中、食事点検と片付けの分担を均等化。運動準備や地球観測前10分の個室静穏も確認し、無理なく距離を戻す方向へ進んだ。	msg_conv_run_a_20x100_step080_routine_01;msg_conv_run_a_20x100_step080_routine_02	llm_summary	llm_detail
conv_run_a_20x100_step081_routine	81	run_a_20x100	ISS00;ISS04	common_area		routine	repaired	normal	食事後の片付けを2分運用に再確認し、地球観測前へ戻す	陳偉とLinhは直近で短い作業合意を積み重ね、共用棚の表向き整理で摩擦を避けてきた。共用部で一瞬刺さった空気を認めつつ、食事後は2分整理→2分運動、観測前に個室静穏へ戻ることで関係の距離を整えた。	msg_conv_run_a_20x100_step081_routine_01;msg_conv_run_a_20x100_step081_routine_02	llm_summary	llm_detail
conv_run_a_20x100_step082_CONF12	82	run_a_20x100	ISS19;ISS15	common_area	CONF12	conflict	repaired	trouble	援助の受け取りを巡る距離調整。境界線を再設定しつつ、静かな収れんへ向ける	common_areaでの食事準備中、Karimの助け過多な提案とAmaraの速い受け答えがまたこじれ気味。前段でISS13と行った「短時間で切り分け、食後に地球観測→各自個室で静養」という流れを引き継ぎ、緊張は残るものの距離を戻す方向の応答に移っている。	msg_conv_run_a_20x100_step082_CONF12_01;msg_conv_run_a_20x100_step082_CONF12_02;msg_conv_run_a_20x100_step082_CONF12_03	llm_summary	llm_detail
conv_run_a_20x100_step082_routine	82	run_a_20x100	ISS07;ISS09	exercise_area		routine	repaired	normal	運動順と食事前の静かな区切りを短く再調整	exercise_areaでの通常運動時間の順番をめぐるやり取り。過去に刺さる発言を避ける流れが続いており、Sofiaは穏やかな提案に合わせつつ境界を保つ形で合意。観測前5分の個室静穏と、短い地球観測の共有で修復方向を維持する。	msg_conv_run_a_20x100_step082_routine_01;msg_conv_run_a_20x100_step082_routine_02	llm_summary	llm_detail
conv_run_a_20x100_step083_CONF12	83	run_a_20x100	ISS19;ISS15	common_area	CONF12	conflict	repaired	trouble	支援の進め方が擦れて境界を再調整、短時間休息へ合意	共同エリアでの食事準備中、ISS19の助けたい姿勢が強く届き、ISS15は負担を受けたまま受け答え。直前までの先走り調整履歴を踏まえ、今回は火と味付けの分担を固定し、地球観測と個室静養の間合いで距離を取り直す形へ移した。	msg_conv_run_a_20x100_step083_CONF12_01;msg_conv_run_a_20x100_step083_CONF12_02;msg_conv_run_a_20x100_step083_CONF12_03	llm_summary	llm_detail
conv_run_a_20x100_step083_routine	83	run_a_20x100	ISS01;ISS04	common_area		routine	repaired	normal	共用部の音量を落として観測前の流れを再調整	先行の「音が刺さる」やり取りの余韻を受け、共用部で短く進める方針を再確認した。ISS01は不安を含みつつ負荷を抑えたい意図を示し、ISS04は温かく受け止めて食事前の短作業と個室への早め移動で距離を戻す合意に寄せた。	msg_conv_run_a_20x100_step083_routine_01;msg_conv_run_a_20x100_step083_routine_02	llm_summary	llm_detail
conv_run_a_20x100_step084_CONF09	84	run_a_20x100	ISS15;ISS11	common_area	CONF09	conflict	repaired	trouble	発信速度を落として役割境界を共有し、火種をいったん鎮火	共用エリアでの作業中、Amaraの速い発信がMeiの警戒を強め、前ステップのナッジ摩擦の余韻も重なった。Meiは自分の役割を守る姿勢を明示し、10分区切り・味付け中心の進行、地球観測後の個室静穏を確認して距離を整える。	msg_conv_run_a_20x100_step084_CONF09_01;msg_conv_run_a_20x100_step084_CONF09_02;msg_conv_run_a_20x100_step084_CONF09_03	llm_summary	llm_detail
conv_run_a_20x100_step084_REPA12	84	run_a_20x100	ISS19;ISS15	common_area	REPA12	repair	repaired	repair	境界確認し、手順を短く合わせて修復へ移行	ISS19とISS15は先の食事準備での言い方の擦れを受け、common_areaで支援の受け取り方を再確認。火起こしと味付けの役割を戻し、10分区切り・地球観察・個室静穏・軽いストレッチで距離を戻す合意に達した。	msg_conv_run_a_20x100_step084_REPA12_01;msg_conv_run_a_20x100_step084_REPA12_02;msg_conv_run_a_20x100_step084_REPA12_03	llm_summary	llm_detail
conv_run_a_20x100_step084_routine	84	run_a_20x100	ISS04;ISS05	exercise_area		routine	repaired	normal	順番調整を短縮ルールで再確認	運動エリアでの順番調整は、これまでの短い擦れを踏まえて最小化したやりとりに戻した。Linhは控えめに時間を区切る案を出し、田中は急かしに警戒しつつ2分整理・2分運動・地球観測サイン後の個室静穏を確認して緩やかに関係を戻した。	msg_conv_run_a_20x100_step084_routine_01;msg_conv_run_a_20x100_step084_routine_02;msg_conv_run_a_20x100_step084_routine_03	llm_summary	llm_detail
conv_run_a_20x100_step085_CONF09	85	run_a_20x100	ISS15;ISS11	common_area	CONF09	conflict	repaired	trouble	発話を短縮して緊張を一度下げる調整	common_areaで作業中の発信テンポを巡る摩擦が再燃し、Meiがペースの早さに警戒を示した。ISS19の調整履歴を踏まえ、食事準備を区切って進める合意に。地球観測と個室静養への復帰で距離を戻す流れに。	msg_conv_run_a_20x100_step085_CONF09_01;msg_conv_run_a_20x100_step085_CONF09_02;msg_conv_run_a_20x100_step085_CONF09_03	llm_summary	llm_detail
conv_run_a_20x100_step085_REPA12	85	run_a_20x100	ISS19;ISS15	common_area	REPA12	repair	repaired	repair	食事準備で支援の境界を確認し、ペースを合わせて再調整した	common_areaでの作業中、前の言い回しへの刺さりを双方が確認し、味付け中心の手順と10分区切りへ合意。地球観察と5分ストレッチ後の個室静養まで再設定し、緊張を下げる修復の雰囲気へ。	msg_conv_run_a_20x100_step085_REPA12_01;msg_conv_run_a_20x100_step085_REPA12_02;msg_conv_run_a_20x100_step085_REPA12_03	llm_summary	llm_detail
conv_run_a_20x100_step085_routine	85	run_a_20x100	ISS01;ISS09	hab_module		routine	repaired	normal	空調音をめぐる作業手順の再調整が完了	hab_moduleでの会話で、先のやり取りを受けてPriyaとHenriは空調音と反響に配慮。Priyaの不安を受け止めつつ、食事前の静穏、運動2分、地球観測5分を確認し、互いに負担を抑える運用へ戻すことにした。	msg_conv_run_a_20x100_step085_routine_01;msg_conv_run_a_20x100_step085_routine_02	llm_summary	llm_detail
conv_run_a_20x100_step086_CONF09	86	run_a_20x100	ISS15;ISS11	common_area	CONF09	conflict	repaired	trouble	Amaraの早口指示が刺さり、Meiは時間制限で作業分担へ調整	common_areaの調理準備中、前ステップの擦れを受けて再発。Amaraはテンポ重視で圧をかけがちだが、Meiは失敗を恐れて短時間運用と境界を求める。二人とも疲労の中で静穏時間を残す合図を出し、地球観測・個室戻りで距離を取る形へ寄せた。	msg_conv_run_a_20x100_step086_CONF09_01;msg_conv_run_a_20x100_step086_CONF09_02;msg_conv_run_a_20x100_step086_CONF09_03	llm_summary	llm_detail
conv_run_a_20x100_step086_REPA12	86	run_a_20x100	ISS19;ISS15	common_area	REPA12	repair	repaired	repair	共用エリアで速度調整し、修復の合意を再確認	ISS19とISS15は、先の発話が刺さった点を受けて共用エリアで一息置き、作業分担と報告の長さを合わせることで境界を確認。食事準備は区切りを設け、地球観測と短時間の個室静穏へつなぐ調整へ進んだ。	msg_conv_run_a_20x100_step086_REPA12_01;msg_conv_run_a_20x100_step086_REPA12_02;msg_conv_run_a_20x100_step086_REPA12_03	llm_summary	llm_detail
conv_run_a_20x100_step086_routine	86	run_a_20x100	ISS01;ISS09	common_area		routine	repaired	normal	共用部の音反響で短時間の声量調整を再確認し合意	共用部での反響への不快感を背景に、短時間で静穏を保つ運用を再調整。過去の食事前・観測前の合意を踏まえ、共通の距離確保として運動後に個室へ戻る方針を確認し、緊張を下げた。	msg_conv_run_a_20x100_step086_routine_01;msg_conv_run_a_20x100_step086_routine_02	llm_summary	llm_detail
conv_run_a_20x100_step087_CONF09	87	run_a_20x100	ISS15;ISS11	common_area	CONF09	conflict	repaired	trouble	共用区画で速度摩擦、10分区切りと合図で修復を試みる	帰還準備中の共用区画で、AmaraとMeiが発信速度をめぐって緊張。置き去り不安と急ぎ口調の刺さりを受け、直近合意の短報運用を引き継いで食事工程（味付け）を分担。地球観測・5分ストレッチ・各自個室へ戻る流れで距離を戻す方向に修復中。	msg_conv_run_a_20x100_step087_CONF09_01;msg_conv_run_a_20x100_step087_CONF09_02;msg_conv_run_a_20x100_step087_CONF09_03	llm_summary	llm_detail
conv_run_a_20x100_step087_routine	87	run_a_20x100	ISS00;ISS04	cupola		routine	repaired	normal	故郷の一言交換で緊張を薄め、地球観測前の短い流れへ戻る	ISS00は短文で場を整える一方、ISS04は配慮を保ちつつ昨今の刺さりを示す。cupolaで故郷話を短く交わし、地球観測前の2分整理・2分運動・個室静穏へ移ることで、距離を戻しながら共同生活のリズムを維持した。	msg_conv_run_a_20x100_step087_routine_01;msg_conv_run_a_20x100_step087_routine_02	llm_summary	llm_detail
conv_run_a_20x100_step088_REPA09	88	run_a_20x100	ISS15;ISS11	common_area	REPA09	repair	repaired	repair	速度を調整して作業報告を短く再接続	ISS15とMeiは共通エリアで火起こし・味付けの役割を再確認し、以前の刺さる言い方を受けた緊張を保ちながらも、10分ごとの短報と穏やかな切り替えで距離を戻そうとしている。終了後は地球観測と短いストレッチ、個室静穏時間へ繋ぐ方針で修復を継続。	msg_conv_run_a_20x100_step088_REPA09_01;msg_conv_run_a_20x100_step088_REPA09_02;msg_conv_run_a_20x100_step088_REPA09_03	llm_summary	llm_detail
conv_run_a_20x100_step088_routine	88	run_a_20x100	ISS06;ISS08	common_area		routine	closed	normal	AishaとMarcusが「持ち寄り棚」を短く調整する。	common_areaでの通常会話。Aishaは「率直」、Marcusは「率直で揺れやすい」。話題は「持ち寄り棚」。長い相談ではなく、共同生活を維持するための低負荷な接点として扱う。	msg_conv_run_a_20x100_step088_routine_01;msg_conv_run_a_20x100_step088_routine_02	scripted_summary	scripted_detail
conv_run_a_20x100_step089_REPA09	89	run_a_20x100	ISS15;ISS11	common_area	REPA09	repair	repaired	repair	ISS15が速度を落とし、Meiの確認リズムに合わせた共働へ戻る	共同エリアでの火起こしを巡る以前の圧迫感を受け、Meiは慎重さを守るため確認前置きを頼む。ISS15は修復意図を明示し、10分短報・味付け最終確認・地球観測とストレッチ後の静かな個室移動まで再調整して安心を戻す流れ。	msg_conv_run_a_20x100_step089_REPA09_01;msg_conv_run_a_20x100_step089_REPA09_02;msg_conv_run_a_20x100_step089_REPA09_03	llm_summary	llm_detail
conv_run_a_20x100_step089_routine	89	run_a_20x100	ISS02;ISS01	exercise_area		routine	closed	normal	FatimaとPriyaが「運動枠」を短く調整する。	exercise_areaでの通常会話。Fatimaは「慎重」、Priyaは「内省的」。話題は「運動枠」。長い相談ではなく、共同生活を維持するための低負荷な接点として扱う。	msg_conv_run_a_20x100_step089_routine_01;msg_conv_run_a_20x100_step089_routine_02	scripted_summary	scripted_detail
conv_run_a_20x100_step090_REPA09	90	run_a_20x100	ISS15;ISS11	common_area	REPA09	repair	repaired	repair	AmaraとMeiが「発信速度の圧の修復」の後、距離と言い方を戻し始める。	common_areaでの修復会話。当事者特性: Amara: 明るく速い / 発信の速さが、疲れている人には圧として伝わることがある; Mei: 丁寧で控えめ / 役割を失うことへの恐れが強く、作業の失敗に敏感。修復要因: 速度調整↑ 参加回復↑。	msg_conv_run_a_20x100_step090_REPA09_01;msg_conv_run_a_20x100_step090_REPA09_02	scripted_summary	scripted_detail
conv_run_a_20x100_step090_routine	90	run_a_20x100	ISS02;ISS01	exercise_area		routine	closed	normal	FatimaとPriyaが「運動枠」を短く調整する。	exercise_areaでの通常会話。Fatimaは「慎重」、Priyaは「内省的」。話題は「運動枠」。長い相談ではなく、共同生活を維持するための低負荷な接点として扱う。	msg_conv_run_a_20x100_step090_routine_01;msg_conv_run_a_20x100_step090_routine_02	scripted_summary	scripted_detail
conv_run_a_20x100_step091_CONF10	91	run_a_20x100	ISS08;ISS09	cupola	CONF10	conflict	open	trouble	MarcusとHenriが「帰還前の助言」で摩擦を起こす。	cupolaでの摩擦会話。当事者特性: Marcus: 率直で揺れやすい / 評価されることへの警戒が強い; Henri: 穏やか / 調停役に回りすぎて自分の疲労を見落とす。摩擦要因: 押しつけ感↑ 言い合い↑。	msg_conv_run_a_20x100_step091_CONF10_01;msg_conv_run_a_20x100_step091_CONF10_02	scripted_summary	scripted_detail
conv_run_a_20x100_step091_routine	91	run_a_20x100	ISS08;ISS09	cupola		routine	closed	normal	MarcusとHenriが「故郷の話」を短く調整する。	cupolaでの通常会話。Marcusは「率直で揺れやすい」、Henriは「穏やか」。話題は「故郷の話」。長い相談ではなく、共同生活を維持するための低負荷な接点として扱う。	msg_conv_run_a_20x100_step091_routine_01;msg_conv_run_a_20x100_step091_routine_02	scripted_summary	scripted_detail
conv_run_a_20x100_step092_CONF10	92	run_a_20x100	ISS08;ISS09	cupola	CONF10	conflict	open	trouble	MarcusとHenriが「帰還前の助言」で摩擦を起こす。	cupolaでの摩擦会話。当事者特性: Marcus: 率直で揺れやすい / 評価されることへの警戒が強い; Henri: 穏やか / 調停役に回りすぎて自分の疲労を見落とす。摩擦要因: 押しつけ感↑ 言い合い↑。	msg_conv_run_a_20x100_step092_CONF10_01;msg_conv_run_a_20x100_step092_CONF10_02	scripted_summary	scripted_detail
conv_run_a_20x100_step092_routine	92	run_a_20x100	ISS02;ISS01	common_area		routine	closed	normal	FatimaとPriyaが「持ち寄り棚」を短く調整する。	common_areaでの通常会話。Fatimaは「慎重」、Priyaは「内省的」。話題は「持ち寄り棚」。長い相談ではなく、共同生活を維持するための低負荷な接点として扱う。	msg_conv_run_a_20x100_step092_routine_01;msg_conv_run_a_20x100_step092_routine_02	scripted_summary	scripted_detail
conv_run_a_20x100_step093_CONF10	93	run_a_20x100	ISS08;ISS09	cupola	CONF10	conflict	open	trouble	MarcusとHenriが「帰還前の助言」で摩擦を起こす。	cupolaでの摩擦会話。当事者特性: Marcus: 率直で揺れやすい / 評価されることへの警戒が強い; Henri: 穏やか / 調停役に回りすぎて自分の疲労を見落とす。摩擦要因: 押しつけ感↑ 言い合い↑。	msg_conv_run_a_20x100_step093_CONF10_01;msg_conv_run_a_20x100_step093_CONF10_02	scripted_summary	scripted_detail
conv_run_a_20x100_step093_routine	93	run_a_20x100	ISS00;ISS04	common_area		routine	closed	normal	陳偉とLinhが「持ち寄り棚」を短く調整する。	common_areaでの通常会話。陳偉は「短く控えめ」、Linhは「温かい」。話題は「持ち寄り棚」。長い相談ではなく、共同生活を維持するための低負荷な接点として扱う。	msg_conv_run_a_20x100_step093_routine_01;msg_conv_run_a_20x100_step093_routine_02	scripted_summary	scripted_detail
conv_run_a_20x100_step094_CONF10	94	run_a_20x100	ISS08;ISS09	cupola	CONF10	conflict	open	trouble	MarcusとHenriが「帰還前の助言」で摩擦を起こす。	cupolaでの摩擦会話。当事者特性: Marcus: 率直で揺れやすい / 評価されることへの警戒が強い; Henri: 穏やか / 調停役に回りすぎて自分の疲労を見落とす。摩擦要因: 押しつけ感↑ 言い合い↑。	msg_conv_run_a_20x100_step094_CONF10_01;msg_conv_run_a_20x100_step094_CONF10_02	scripted_summary	scripted_detail
conv_run_a_20x100_step094_routine	94	run_a_20x100	ISS00;ISS04	hab_module		routine	closed	normal	陳偉とLinhが「移動のきっかけ」を短く調整する。	hab_moduleでの通常会話。陳偉は「短く控えめ」、Linhは「温かい」。話題は「移動のきっかけ」。長い相談ではなく、共同生活を維持するための低負荷な接点として扱う。	msg_conv_run_a_20x100_step094_routine_01;msg_conv_run_a_20x100_step094_routine_02	scripted_summary	scripted_detail
conv_run_a_20x100_step095_REPA10	95	run_a_20x100	ISS08;ISS09	cupola	REPA10	repair	repaired	repair	MarcusとHenriが「帰還前の助言の修復」の後、距離と言い方を戻し始める。	cupolaでの修復会話。当事者特性: Marcus: 率直で揺れやすい / 評価されることへの警戒が強い; Henri: 穏やか / 調停役に回りすぎて自分の疲労を見落とす。修復要因: 意味づけ↑ 謝意回復↑。	msg_conv_run_a_20x100_step095_REPA10_01;msg_conv_run_a_20x100_step095_REPA10_02	scripted_summary	scripted_detail
conv_run_a_20x100_step095_routine	95	run_a_20x100	ISS02;ISS03	common_area		routine	repaired	normal	共用部の静穏時間確保のため音量を短時間調整	Fatimaは慎重さを保ちつつ疲労感を抱え、Amirは防衛的に距離を取りながらも応答可能な状態。前段の短いやりとりの流れを踏まえ、common_areaで共用部の音量を一時的に下げ、食事前の静穏へ移る運用を確認した。	msg_conv_run_a_20x100_step095_routine_01;msg_conv_run_a_20x100_step095_routine_02;msg_conv_run_a_20x100_step095_routine_03	llm_summary	llm_detail
conv_run_a_20x100_step096_REPA10	96	run_a_20x100	ISS08;ISS09	cupola	REPA10	repair	repaired	repair	MarcusとHenriが「帰還前の助言の修復」の後、距離と言い方を戻し始める。	cupolaでの修復会話。当事者特性: Marcus: 率直で揺れやすい / 評価されることへの警戒が強い; Henri: 穏やか / 調停役に回りすぎて自分の疲労を見落とす。修復要因: 意味づけ↑ 謝意回復↑。	msg_conv_run_a_20x100_step096_REPA10_01;msg_conv_run_a_20x100_step096_REPA10_02	scripted_summary	scripted_detail
conv_run_a_20x100_step096_routine	96	run_a_20x100	ISS07;ISS09	cupola		routine	closed	normal	SofiaとHenriが「故郷の話」を短く調整する。	cupolaでの通常会話。Sofiaは「表現豊か」、Henriは「穏やか」。話題は「故郷の話」。長い相談ではなく、共同生活を維持するための低負荷な接点として扱う。	msg_conv_run_a_20x100_step096_routine_01;msg_conv_run_a_20x100_step096_routine_02	scripted_summary	scripted_detail
conv_run_a_20x100_step097_REPA10	97	run_a_20x100	ISS08;ISS09	cupola	REPA10	repair	repaired	repair	MarcusとHenriが「帰還前の助言の修復」の後、距離と言い方を戻し始める。	cupolaでの修復会話。当事者特性: Marcus: 率直で揺れやすい / 評価されることへの警戒が強い; Henri: 穏やか / 調停役に回りすぎて自分の疲労を見落とす。修復要因: 意味づけ↑ 謝意回復↑。	msg_conv_run_a_20x100_step097_REPA10_01;msg_conv_run_a_20x100_step097_REPA10_02	scripted_summary	scripted_detail
conv_run_a_20x100_step097_routine	97	run_a_20x100	ISS02;ISS01	common_area		routine	closed	normal	FatimaとPriyaが「持ち寄り棚」を短く調整する。	common_areaでの通常会話。Fatimaは「慎重」、Priyaは「内省的」。話題は「持ち寄り棚」。長い相談ではなく、共同生活を維持するための低負荷な接点として扱う。	msg_conv_run_a_20x100_step097_routine_01;msg_conv_run_a_20x100_step097_routine_02	scripted_summary	scripted_detail
conv_run_a_20x100_step098_REPA10	98	run_a_20x100	ISS08;ISS09	cupola	REPA10	repair	repaired	repair	MarcusとHenriが「帰還前の助言の修復」の後、距離と言い方を戻し始める。	cupolaでの修復会話。当事者特性: Marcus: 率直で揺れやすい / 評価されることへの警戒が強い; Henri: 穏やか / 調停役に回りすぎて自分の疲労を見落とす。修復要因: 意味づけ↑ 謝意回復↑。	msg_conv_run_a_20x100_step098_REPA10_01;msg_conv_run_a_20x100_step098_REPA10_02	scripted_summary	scripted_detail
conv_run_a_20x100_step098_routine	98	run_a_20x100	ISS08;ISS09	cupola		routine	closed	normal	MarcusとHenriが「声かけサイン」を短く調整する。	cupolaでの通常会話。Marcusは「率直で揺れやすい」、Henriは「穏やか」。話題は「声かけサイン」。長い相談ではなく、共同生活を維持するための低負荷な接点として扱う。	msg_conv_run_a_20x100_step098_routine_01;msg_conv_run_a_20x100_step098_routine_02	scripted_summary	scripted_detail
conv_run_a_20x100_step099_REPA10	99	run_a_20x100	ISS08;ISS09	cupola	REPA10	repair	repaired	repair	MarcusとHenriが「帰還前の助言の修復」の後、距離と言い方を戻し始める。	cupolaでの修復会話。当事者特性: Marcus: 率直で揺れやすい / 評価されることへの警戒が強い; Henri: 穏やか / 調停役に回りすぎて自分の疲労を見落とす。修復要因: 意味づけ↑ 謝意回復↑。	msg_conv_run_a_20x100_step099_REPA10_01;msg_conv_run_a_20x100_step099_REPA10_02	scripted_summary	scripted_detail
conv_run_a_20x100_step099_routine	99	run_a_20x100	ISS01;ISS09	cupola		routine	closed	normal	PriyaとHenriが「故郷の話」を短く調整する。	cupolaでの通常会話。Priyaは「内省的」、Henriは「穏やか」。話題は「故郷の話」。長い相談ではなく、共同生活を維持するための低負荷な接点として扱う。	msg_conv_run_a_20x100_step099_routine_01;msg_conv_run_a_20x100_step099_routine_02	scripted_summary	scripted_detail
conv_run_a_20x100_step100_REPA10	100	run_a_20x100	ISS08;ISS09	cupola	REPA10	repair	repaired	repair	MarcusとHenriが「帰還前の助言の修復」の後、距離と言い方を戻し始める。	cupolaでの修復会話。当事者特性: Marcus: 率直で揺れやすい / 評価されることへの警戒が強い; Henri: 穏やか / 調停役に回りすぎて自分の疲労を見落とす。修復要因: 意味づけ↑ 謝意回復↑。	msg_conv_run_a_20x100_step100_REPA10_01;msg_conv_run_a_20x100_step100_REPA10_02	scripted_summary	scripted_detail
conv_run_a_20x100_step100_routine	100	run_a_20x100	ISS00;ISS04	hab_module		routine	closed	normal	陳偉とLinhが「生活区画」を短く調整する。	hab_moduleでの通常会話。陳偉は「短く控えめ」、Linhは「温かい」。話題は「生活区画」。長い相談ではなく、共同生活を維持するための低負荷な接点として扱う。	msg_conv_run_a_20x100_step100_routine_01;msg_conv_run_a_20x100_step100_routine_02	scripted_summary	scripted_detail
