国家コード	国名	国家構造の存続	領域安全保障	政権制度正統性	経済再生産	戦略的自律性	同盟抑止信頼	社会安定	技術主権	構造持続余力	目的関数メモ	重み出典種別	重み根拠_歴史と国家特性
USA	アメリカ	1.00	0.82	0.74	0.82	0.90	0.92	0.68	0.95	0.82	AI覇権と同盟信頼を維持しつつ、国内分断と生活費不満を抑える。	専門家判断+仮定	第二次大戦後の同盟秩序維持と技術覇権競争の歴史を重視
CHN	中国	1.00	0.92	0.94	0.88	0.95	0.42	0.90	0.92	0.78	体制正統性・台湾・雇用安定が強く結合する。	専門家判断+仮定	体制安定と領域課題、製造主導成長の継続を重視
JPN	日本	1.00	0.76	0.82	0.86	0.68	0.78	0.82	0.86	0.92	若者支援、防衛費、生活費、技術基盤の配分が中核制約。	専門家判断+仮定	少子高齢化、低成長、同盟依存、安全保障費増加を反映
TWN	台湾	1.00	0.98	0.82	0.84	0.92	0.88	0.78	0.98	0.80	領域安全保障と半導体継続がほぼ存続条件。	専門家判断+仮定	海峡緊張と半導体中核産業の地政学的重要性を反映
KOR	韓国	1.00	0.84	0.80	0.86	0.74	0.84	0.78	0.92	0.78	半導体、同盟、若者雇用、北朝鮮リスクを同時に管理する。	専門家判断+仮定	輸出主導製造業と安全保障リスクの近接性を反映
PRK	北朝鮮	1.00	0.98	0.98	0.46	0.90	0.40	0.88	0.40	0.42	体制存続と抑止力維持が最優先で、経済再生産は従属しやすい。	専門家判断+仮定	閉鎖的制度と軍事抑止依存を反映
RUS	ロシア	1.00	0.94	0.88	0.72	0.92	0.36	0.78	0.62	0.66	領域・体制正統性・資源収入の維持が強い。	専門家判断+仮定	資源国家、軍事大国、制裁下での制度存続を反映
UKR	ウクライナ	1.00	0.99	0.82	0.70	0.84	0.92	0.78	0.48	0.66	領域防衛、国際支援、復興可能性が存続条件。	専門家判断+仮定	戦争継続下の国家存続と支援依存を反映
IRN	イラン	1.00	0.86	0.92	0.62	0.90	0.36	0.80	0.54	0.62	体制存続、制裁耐性、地域影響力の維持が強い。	専門家判断+仮定	制裁下の地域大国としての行動制約を反映
ISR	イスラエル	1.00	0.98	0.80	0.76	0.84	0.86	0.76	0.88	0.70	領域安全保障、技術優位、同盟維持の重みが高い。	専門家判断+仮定	地域安全保障と先端技術国家の二重構造を反映
SAU	サウジアラビア	1.00	0.70	0.84	0.92	0.76	0.68	0.82	0.46	0.76	原油収益、体制安定、改革路線の両立が目的。	専門家判断+仮定	原油収益国家としての政策裁量と改革過程を反映
IND	インド	1.00	0.76	0.80	0.92	0.86	0.58	0.82	0.68	0.78	成長・人口雇用・戦略自律が強く、AI労働市場が重要。	専門家判断+仮定	人口規模と戦略的自律外交の継続を反映
EU	欧州連合	1.00	0.68	0.78	0.84	0.72	0.82	0.82	0.82	0.88	制度正統性、規制、ウクライナ支援、景気維持の合意形成が制約。	専門家判断+仮定	統合体としての合意形成コストと規制主導を反映
GBR	英国	1.00	0.78	0.74	0.80	0.82	0.88	0.72	0.84	0.74	金融、AI安全保障、英米連携で影響力を保つ。	専門家判断+仮定	金融センターと安全保障外交の継続性を反映
AUS	オーストラリア	1.00	0.78	0.72	0.82	0.76	0.90	0.76	0.62	0.82	資源供給、食料、同盟抑止を安定的に維持する。	専門家判断+仮定	資源国かつ同盟国としての緩衝機能を反映
CAN	カナダ	1.00	0.66	0.74	0.82	0.70	0.86	0.78	0.64	0.84	資源、人材、北米供給網を安定させる。	専門家判断+仮定	資源国、移民国家、北米経済圏の安定性を反映
DEU	ドイツ	1.00	0.62	0.76	0.92	0.68	0.78	0.80	0.78	0.82	製造業再生、エネルギー転換、EU合意形成が中心。	専門家判断+仮定	輸出製造業とエネルギー制約の歴史的重みを反映
FRA	フランス	1.00	0.78	0.82	0.82	0.82	0.76	0.78	0.72	0.82	制度正統性、欧州主導、安全保障自律を重視する。	専門家判断+仮定	欧州政治と核抑止を持つ国家特性を反映
TUR	トルコ	1.00	0.84	0.84	0.72	0.90	0.56	0.78	0.56	0.62	海峡、地域仲介、国内安定、戦略自律が強い。	専門家判断+仮定	地政学的結節点としての自律外交を反映
IDN	インドネシア	1.00	0.66	0.76	0.84	0.76	0.54	0.78	0.48	0.72	人口市場、資源、海上交通の安定を重視する。	専門家判断+仮定	島嶼国家、資源、人口規模を反映
VNM	ベトナム	1.00	0.78	0.82	0.86	0.82	0.52	0.78	0.62	0.70	製造移転、対中バランス、雇用吸収を重視する。	専門家判断+仮定	製造供給網と地政学バランスを反映
PHL	フィリピン	1.00	0.84	0.74	0.74	0.70	0.84	0.76	0.44	0.64	海洋安全保障、労働移動、国内生活安定が重要。	専門家判断+仮定	南シナ海と海外労働者ネットワークを反映
THA	タイ	1.00	0.58	0.76	0.82	0.66	0.56	0.82	0.54	0.74	観光、製造、政治安定の維持が中心。	専門家判断+仮定	日本企業集積と観光依存を反映
MYS	マレーシア	1.00	0.62	0.74	0.84	0.70	0.60	0.78	0.74	0.76	半導体後工程、エネルギー、民族間安定を重視する。	専門家判断+仮定	半導体供給網とLNG供給を反映
SGP	シンガポール	1.00	0.62	0.82	0.94	0.78	0.68	0.86	0.86	0.92	物流・金融・AI拠点として制度信頼を維持する。	専門家判断+仮定	都市国家の高制度容量と地域結節性を反映
BRA	ブラジル	1.00	0.54	0.74	0.82	0.72	0.42	0.76	0.42	0.70	食料・資源・国内格差管理が中心。	専門家判断+仮定	資源食料大国と国内格差の両面を反映
MEX	メキシコ	1.00	0.58	0.74	0.82	0.62	0.62	0.72	0.48	0.62	北米供給網と国内治安・雇用の両立が中心。	専門家判断+仮定	米国市場との結合と国内不安を反映
ARE	アラブ首長国連邦	1.00	0.64	0.82	0.92	0.78	0.66	0.86	0.78	0.88	エネルギー、金融、AI投資を使い地域安定性を高める。	専門家判断+仮定	資源収益と投資国家としての戦略を反映
QAT	カタール	1.00	0.62	0.80	0.90	0.76	0.62	0.84	0.44	0.86	LNG供給、仲介外交、財政余力を維持する。	専門家判断+仮定	LNG輸出と外交仲介機能を反映
EGY	エジプト	1.00	0.72	0.84	0.68	0.72	0.54	0.76	0.36	0.54	スエズ運河、食料、財政、国内安定を守る。	専門家判断+仮定	物流結節点と国内生活圧力を反映
