step	世界イベント名	説明
1	停戦後の不安定な平常化	米国とイランの直接交戦は止まっているが、再燃リスクと原油不安が残る。
2	フロンティアAI競争の加速	米中を中心にAI投資と規制競争が強まり、雇用と計算資源の不安が広がる。
3	台湾海峡・半導体不安	台湾周辺の緊張と半導体供給懸念が、日本の安全保障と産業心理に影響する。
4	ホルムズ・エネルギー価格警戒	中東情勢の再燃リスクが原油・物流・電気代の先行き不安を強める。
5	戦略ブロック硬化	半導体、AI、軍事技術でブロック化が進み、サプライチェーンの分断感が強まる。
6	日本の財政制約と政策余地の議論	若者住居、再教育、生活費対策の必要性は高まるが、財政制約と優先順位の対立が残る。
7	AI設備投資の電力制約	データセンター投資が電力網と地域負担を押し上げ、AI利用格差への懸念が広がる。
8	生成AIによる若年雇用の再配置摩擦	AI導入企業と非導入企業の差が広がり、初職・転職・職業訓練の不安が強まる。
9	汎用ロボティクス導入の兆し	物流、製造、小売、介護補助でロボット導入が進み、身体労働の再編と導入格差への不安が出る。
10	生活費圧力の継続	光熱費、住居費、食費の負担感が続き、どの層を支援すべきかをめぐる不公平感も残る。
11	台湾周辺の軍事演習沈静化	直接衝突リスクは少し下がるが、半導体供給の不安は構造的に残る。
12	生成AI職業教育の必要性拡大	学校と職業訓練にAI活用を組み込む必要性が高まり、適応できる層と取り残される層が分かれる。
13	介護・医療人手不足の表面化	高齢化と現場離職により、若い世代の家族ケア負担と将来不安が強まる。
14	半導体供給の一部正常化	供給網の代替調達が進むが、先端品と汎用品で回復差が残る。
15	SNS不安疲れと情報回避	危機情報が続きすぎ、若者の一部で情報回避と政治的諦念が増える。
16	地域インフラ更新財源の不足	医療、交通、学校、電力網の更新費が重なり、日本の財政圧力が再び意識される。
17	AI企業の利益集中批判	AIで生まれた利益が一部企業へ集中し、雇用不安と制度不信が結びつく。
18	若者の住居不安の政治争点化	住居費と保証人問題が若者政策の争点になり、生活の足場をどう作るかが問われる。
19	東アジア対話の再開	安全保障対話が再開し、軍事的緊張はやや緩むが、技術・経済の分断は残る。
20	学校現場のAI格差拡大	公教育でAI利用環境の差が見え始め、家庭環境差と地域差が進路不安に結びつく。
21	エネルギー価格の一時安定	燃料価格が落ち着き、短期の生活費不安は和らぐが、電力投資負担は残る。
22	ケアロボットとケア労働評価の争点化	介護ロボット・在宅支援と、介護・保育・地域維持活動の報酬化をどう組み合わせるかが争点になる。
23	AI安全事故と規制強化	AI関連の事故が報じられ、規制強化と産業競争の両立が政治争点になる。
24	2年目の社会反応評価	AI雇用不安、住居不安、ケア負担への社会反応が見え始め、世代・地域差が政治争点として残る。
25	AI採用基準の透明性要求	企業のAI前提採用が広がり、若者は何を学べばよいかの明示を求める。
26	地域若者流出の再加速	地方の雇用機会と住居制約が重なり、都市移動か地元残留かの分岐が強まる。
27	自治体の再教育予算競争	自治体がAI再教育や地域仕事づくりを競い、地域差が可視化される。
28	医療介護現場の離職波	介護・医療の疲弊が表面化し、家族ケア負担と現役世代の離職不安が強まる。
29	データセンター立地摩擦	電力、水、地域雇用をめぐり、AIインフラ投資への期待と反発が同時に出る。
30	若者向け住宅政策の停滞	住居支援の必要性は共有されるが、財源と対象範囲で政治的な停滞が起きる。
31	企業の初任給二極化	AI活用人材の待遇は上がる一方、汎用職の入口は狭まり選別感が強まる。
32	物流・小売ロボット実証拡大	現場の人手不足を補う期待と、低賃金職の将来不安が同時に広がる。
33	教育現場のAI利用標準化	AI利用を前提にした授業が増え、家庭・学校・地域の環境差が進路差になる。
34	中東再燃リスクの小規模化	大規模衝突は避けられるが、原油と海上輸送の不安が断続的に続く。
35	若者の制度不信調査が注目	若者の将来不安、出生意向、政治不信を示す調査が社会的に注目される。
36	3年目の制度疲労評価	短期対策の限界が見え、構造的な役割・住居・ケア設計が問われる。
37	AI利益還元の国際議論	AI企業の超過利益を教育・ケア・地域維持に還元する案が国際的に議論される。
38	安全保障費と生活支援の競合	地政学リスク対応と若者生活支援の財源競合が、世代間対立として見え始める。
39	中小企業のAI淘汰圧力	AI導入できる企業とできない企業の差が広がり、現役世代の雇用不安が強まる。
40	介護ロボット導入格差	大手や都市部では導入が進むが、地方・小規模事業者は人手不足が残る。
41	若者の共同プロジェクト増加	地域・学校・企業を横断した小さな制度更新活動が一部で広がる。
42	世界景気後退の兆候	投資減速と輸出不安が求人に影響し、初職と転職市場の見通しが悪化する。
43	AI規制の国際分断	安全規制、データ流通、輸出管理で国際ルールが割れ、企業判断が難しくなる。
44	教育費負担の政治化	進学費用、奨学金、学び直し費用が家族形成と結びつき、政治争点になる。
45	若者のSNS抗議の波	雇用、住居、ケア、AI利益集中への不満がSNS上で連鎖し、制度要求に変わる。
46	東アジア緊張の再上昇	台湾海峡と朝鮮半島の緊張が再び高まり、半導体と安全保障不安が強まる。
47	公共サービス人材不足	学校、医療、行政、インフラ保守の人手不足が生活実感として表面化する。
48	4年目の社会分岐評価	制度更新に参加する層と、諦念・離脱に向かう層の差が見え始める。
49	構造持続活動の制度化議論	地域維持、ケア、教育接続、制度更新活動を報酬化する制度案が具体化する。
50	AI自動化の第二波	認知労働だけでなく現場判断、営業、管理業務にもAI代替が広がる。
51	若者の出生意向低下が注目	住居、雇用、教育費、制度信頼の低さが子ども意向低下として報じられる。
52	企業の採用ポートフォリオ転換	新卒一括採用から少数精鋭、リスキリング、地域連携採用へ移行する企業が増える。
53	ケアと仕事の両立危機	親世代介護と子育てが重なり、現役世代の疲労と若者の将来不安が高まる。
54	エネルギー投資負担の顕在化	電力網、再エネ、データセンター対応の費用が家計と財政に乗り始める。
55	学校から仕事への接続再設計	高校・高専・大学と企業・自治体が、役割形成を重視した接続を模索する。
56	国際AI税制の停滞	AI利益還元の国際協調は進まず、国内制度だけでは財源確保が難しい状況が続く。
57	若者の地域移住実験	一部の地域で仕事、住居、ケア、教育を束ねた移住・定着実験が始まる。
58	地政学リスクの長期化	戦争や危機は全面化しないが、常時警戒の状態が社会心理を摩耗させる。
59	構造持続制度の小規模実装	一部自治体・企業で、社会維持活動を評価し報酬化する試行が始まる。
60	直近5年の分岐点評価	介入の有無により、若者の希望、制度信頼、行動の分布に差が出始める。
61	6年目の制度再編局面	AI・ロボ導入後の雇用再設計が本格化し、教育と社会保障の接続が問われる。
62	7年目の地域格差固定化リスク	制度更新できた地域とできない地域の差が、若者定着と出生意向に影響する。
63	8年目の国際秩序再調整	AI規制、半導体、エネルギー、安全保障で新しいブロック均衡が形成される。
64	9年目の世代間契約見直し	年金、医療、介護、教育、住居をめぐり、世代間の負担と権利の再設計が迫られる。
65	10年目の社会安定性評価	制度介入が希望と連帯を増やしたか、離脱と諦念を増やしたかを比較できる段階になる。
66	15年目の役割再生産評価	今の学生が家族形成予備期から中心期へ入り、人間の役割形成と支援経路が問われる。
67	20年目の出生・地域構造評価	若者期の希望分布が、出生、地域人口、公共サービス維持に反映され始める。
68	25年目の次世代信頼評価	今の子どもが若者期に入り、大人世代の制度記憶を引き継いでいるかが見える。
69	30年目の家族形成経路評価	今の子ども世代が家族形成予備期へ入り、結婚・出産・子育ての現実性が問われる。
70	35年目の子育て実行可能性評価	家族形成期に入った次世代が、住居・所得・ケア・教育費をどう知覚するかが分岐する。
71	40年目の構造持続評価	今1歳の子どもが40歳前後になる社会に、希望・役割・家族形成の経路が残ったかを総合評価する。
