event_id	start_step	end_step	event_type	event_name	intensity	target	direction	description
BASE01	1	10	baseline	初期適応	0.35	全員	距離測定↑ 生活不安↑	ISSでの共同生活が始まり、互いの距離感と生活ルールを探る。
OBJ07	6	100	object	持ち寄り棚	0.45	common_area	故郷共有↑ 弱い紐帯↑	共用エリアに持ち寄り棚が置かれ、写真・レシピ・手紙などを通じて背景を共有できる。
CONF01	9	10	conflict	共用部の声量	0.5	ISS07;ISS02	すれ違い↑ 会話短縮↑	明るい会話が疲れている人には負荷として伝わり、共用部で声量をめぐるすれ違いが起きる。
REPE01	11	13	repair	共用部の声量の修復	0.18	ISS07;ISS02	距離再調整↑ 継続観察↑	持ち寄り棚を使い、声量と休息合図について短く確認する。
BASE02	11	30	baseline	関係形成	0.45	全員	偶発対話↑ 小摩擦↑	共同食・作業・休息のリズムが見え始め、相性差と支え合いが同時に出る。
OBJ06	11	100	object	話しかけてOKサイン	0.4	cupola	声かけ障壁↓ 相談↑	キューポラの一席に話しかけてOKサインが置かれ、孤立者に声をかけるきっかけが生まれる。
CONF02	16	17	conflict	キューポラ声かけ	0.68	ISS03;ISS09	言い合い↑ 会話短縮↑	一人で地球を見たい人と、心配して声をかけたい人がぶつかる。
OBJ09	18	100	object	個室聖域マーク	0.42	crew_quarters	プライバシー尊重↑ 侵入不安↓	個室入口に聖域マークが置かれ、一人でいることを尊重する暗黙の合図ができる。
REPE02	18	21	repair	キューポラ声かけの修復	0.18	ISS03;ISS09	距離再調整↑ 継続観察↑	OKサインを使い、声をかける前の確認と一人でいる時間について短く確認する。
CONF03	25	26	conflict	個室待ち	0.66	ISS02;ISS05	プライバシー圧↑ 会話短縮↑	一人になりたいタイミングが重なり、個室の順番と声かけの仕方に敏感になる。
REPE03	27	30	repair	個室待ちの修復	0.18	ISS02;ISS05	距離再調整↑ 継続観察↑	個室聖域マークを使い、個室利用の順番と再開時刻を短く確認する。
OBJ03	24	100	object	リソース・スコアボード	0.38	common_area	協力可視化↑ 個人責め↓	水・酸素・食料の節約がチームスコアとして見え、個人責任ではなく共同達成として扱える。
OBJ10	28	100	object	モジュール移動投票パネル	0.35	lab_module;hab_module	移動動機↑ こもり込み↓	別モジュールへ移動した人だけが答えられる二択パネルが置かれ、ゆるい移動理由になる。
BASE03	31	60	baseline	中盤ストレス	0.6	全員	疲労↑ 孤立リスク↑	閉鎖空間の疲れ、個室需要、役割偏りが蓄積する。
CONF04	33	34	conflict	資源スコアの圧	0.55	ISS00;ISS08	責められ感↑ 会話短縮↑	資源表示が誰かを責める数字として見え始める。
REPE04	35	38	repair	資源スコアの圧の修復	0.18	ISS00;ISS08	距離再調整↑ 継続観察↑	リソース・スコアボードを使い、資源表示を個人評価ではなく共同運用として扱うかを短く確認する。
CONF05	42	43	conflict	運動枠の順番	0.5	ISS06;ISS08	順番摩擦↑ 会話短縮↑	身体ルーティンを守りたい人と、運動枠を逃したくない人の希望が重なる。
REPE05	44	47	repair	運動枠の順番の修復	0.17	ISS06;ISS08	距離再調整↑ 継続観察↑	移動投票パネルを使い、運動枠の前後に何を確認するかを短く決める。
CONF13	49	50	conflict	食事準備の遠慮	0.42	ISS13;ISS15	遠慮↑ 分担摩擦↑	Sitiが食事準備を引き受けすぎ、Amaraの速い提案が休む余地を狭めるように伝わる。
OBSE13	51	53	followup	食事準備の遠慮の追跡観測	0.05	ISS13;ISS15	余韻観察↑ 距離測定↑	食事準備の遠慮のあと、同じ作業圏で短い再接触が起きるかを観測する。会話の成否は指定しない。
CONF06	52	53	conflict	規律と自律	0.62	ISS18;ISS08	命令感↑ 反発↑	規律を重んじる声かけが、評価に敏感な相手には命令として響く。
OBSE06	54	58	followup	規律と自律の追跡観測	0.05	ISS18;ISS08	余韻観察↑ 距離測定↑	規律と自律の衝突のあと、同じ作業手順で再接触が起きるかを観測する。会話の成否は指定しない。
CONF11	60	61	conflict	技術説明の距離	0.44	ISS10;ISS12	説明過多↑ 置いていかれ感↑	Raviの善意ある技術説明が、Tariqには抽象的で急ぎすぎる説明として伝わる。
BASE04	61	80	baseline	後半再調整	0.5	全員	距離測定↑ 気遣い疲れ↑	共同ルールと休息配分を見直し、近づける関係と固定化する距離が分かれる。
OBSE11	62	65	followup	技術説明の距離の追跡観測	0.05	ISS10;ISS12	余韻観察↑ 距離測定↑	技術説明の行き違いのあと、短い手順確認や回避がどう出るかを観測する。会話の成否は指定しない。
CONF07	64	65	conflict	文字ルールの置き去り	0.55	ISS12;ISS17	疎外感↑ 説明摩擦↑	数値や文字で整理する運用が、文字に慣れない人には置き去りとして伝わる。
OBSE07	66	70	followup	文字ルールの置き去りの追跡観測	0.05	ISS12;ISS17	余韻観察↑ 距離測定↑	文字ルールの置き去りのあと、作業確認や沈黙がどう出るかを観測する。会話の成否は指定しない。
CONF08	73	74	conflict	ケア役の偏り	0.54	ISS16;ISS14	援助疲れ↑ 役割固定↑	支える人が支えられる側になれず、励ましの言葉が負担として響く。
OBSE08	75	78	followup	ケア役の偏りの追跡観測	0.05	ISS16;ISS14	余韻観察↑ 距離測定↑	ケア役の偏りのあと、支援依頼や回避がどう出るかを観測する。会話の成否は指定しない。
BASE05	81	100	baseline	帰還準備	0.65	全員	緊張↑ 意味づけ↑	帰還が近づき、別れ・評価・地上復帰への不安と感謝が同時に強まる。
CONF12	82	83	conflict	援助の受け取り	0.45	ISS19;ISS15	助けたい気持ち↑ 拒否感↑	Karimの静かな援助が、Amaraには自分で立て直す余地を狭める関わりとして伝わる。
OBSE12	84	87	followup	援助の受け取りの追跡観測	0.05	ISS19;ISS15	余韻観察↑ 距離測定↑	援助の受け取りのあと、次の接触が短くなるか遠ざかるかを観測する。会話の成否は指定しない。
CONF09	84	85	conflict	発信速度の圧	0.5	ISS15;ISS11	置いていかれ感↑ 回避↑	明るく速い発信が、役割喪失に敏感な相手には圧として伝わる。
OBSE09	86	89	followup	発信速度の圧の追跡観測	0.05	ISS15;ISS11	余韻観察↑ 距離測定↑	発信速度の圧のあと、役割依頼や応答の速さがどう変わるかを観測する。会話の成否は指定しない。
CONF10	91	92	conflict	帰還前の助言	0.7	ISS08;ISS09	押しつけ感↑ 言い合い↑	年長者の助言が、緊張している相手には押しつけに聞こえる。
OBSE10	93	98	followup	帰還前の助言の追跡観測	0.05	ISS08;ISS09	余韻観察↑ 距離測定↑	帰還前の助言のあと、同じ二人が次にどの距離で話すかを観測する。会話の成否は指定しない。
