conversation_id	step	run_id	participant_ids	module_id	event_id	conversation_type	status	tone	summary	detail	evidence_message_ids	summary_source	detail_source
conv_run_a_smoke_step001_routine	1	run_a_smoke	ISS05;ISS06	common_area		routine	closed	normal	田中とAishaが補給品の置き場所を短く擦り合わせる	common_areaでの低負荷な接点。田中は控えめに切り出し、Aishaは率直に手順を提案。crew_quartersから戻る前の軽い段取り合わせで、関係性は中立だが穏やかに保たれている。	msg_conv_run_a_smoke_step001_routine_01;msg_conv_run_a_smoke_step001_routine_02;msg_conv_run_a_smoke_step001_routine_03	llm_summary	llm_detail
conv_run_a_smoke_step002_routine	2	run_a_smoke	ISS05;ISS06	exercise_area		routine	closed	normal	運動エリアで田中誠とAishaが負荷の調整を短く話す	exercise_areaにて、前ステップで物の置き方を確認し合った余韻のまま、田中誠が控えめにAishaの運動量を気にかける。Aishaは率直に自分のペースを返しつつ、田中誠にも軽く一歩を促す。深入りはしない短い接点。	msg_conv_run_a_smoke_step002_routine_01;msg_conv_run_a_smoke_step002_routine_02;msg_conv_run_a_smoke_step002_routine_03	llm_summary	llm_detail
conv_run_a_smoke_step003_routine	3	run_a_smoke	ISS06;ISS08	common_area		routine	closed	normal	AishaがMarcusに片付けの分担を短く確認する	common_areaでAisha(ISS06)が注意域のMarcus(ISS08)に夕食後の片付けを軽く打診。Marcusは負荷を抱えつつ、短い確認には応じる。長居は避け、最小限の合意で距離を保った接点になっている。	msg_conv_run_a_smoke_step003_routine_01;msg_conv_run_a_smoke_step003_routine_02;msg_conv_run_a_smoke_step003_routine_03	llm_summary	llm_detail
conv_run_a_smoke_step004_routine	4	run_a_smoke	ISS01;ISS09	common_area		routine	closed	normal	補給品の置き場所をPriyaとHenriが短く決める	common_areaで初期適応中。Priyaは注意域で長話を避けたい様子、Henriは穏やかに観察しながら受ける。補給品の戻し場所を巡る低負荷な調整で、共同生活の接点を保つ短い会話。	msg_conv_run_a_smoke_step004_routine_01;msg_conv_run_a_smoke_step004_routine_02;msg_conv_run_a_smoke_step004_routine_03	llm_summary	llm_detail
conv_run_a_smoke_step005_routine	5	run_a_smoke	ISS01;ISS04	exercise_area		routine	closed	normal	運動枠の使い方をPriyaとLinhが短く調整する	exercise_areaでの通常会話。Priyaは前ステップの片付けの余韻が残り、注意域で短い言葉に留めている。Linhは落ち着いた様子で、相手の負荷を察しながら運動枠の順番を軽く確認する。	msg_conv_run_a_smoke_step005_routine_01;msg_conv_run_a_smoke_step005_routine_02;msg_conv_run_a_smoke_step005_routine_03	llm_summary	llm_detail
conv_run_a_smoke_step006_routine	6	run_a_smoke	ISS00;ISS07	common_area		routine	closed	normal	陳偉とSofiaが片付けの分担を短く決める	common_areaで陳偉が控えめに声をかけ、Sofiaが軽い口調で応じる。前段の余韻なく、低負荷な接点として食事後の作業をその場で擦り合わせ、互いの距離を保つ。	msg_conv_run_a_smoke_step006_routine_01;msg_conv_run_a_smoke_step006_routine_02;msg_conv_run_a_smoke_step006_routine_03	llm_summary	llm_detail
conv_run_a_smoke_step007_routine	7	run_a_smoke	ISS00;ISS04	lab_module		routine	closed	normal	陳偉とLinhが資源スコアの見方を短く擦り合わせる	lab_moduleでの低負荷な接点。前ステップで陳偉はISS07と片付けを分担。今回は資源スコアを責めの材料にしないよう、Linhが受け止め、陳偉が短く頷く距離感。	msg_conv_run_a_smoke_step007_routine_01;msg_conv_run_a_smoke_step007_routine_02;msg_conv_run_a_smoke_step007_routine_03	llm_summary	llm_detail
conv_run_a_smoke_step008_routine	8	run_a_smoke	ISS02;ISS01	common_area		routine	closed	normal	FatimaとPriyaが補給品の置き場所を短く確認し合う	common_areaでの低負荷な接点。Fatimaは慎重に切り出し、Priyaは前ステップの整理経験を踏まえて控えめに応じる。両者とも注意域で、深入りせず作業の段取りだけ整える。	msg_conv_run_a_smoke_step008_routine_01;msg_conv_run_a_smoke_step008_routine_02;msg_conv_run_a_smoke_step008_routine_03	llm_summary	llm_detail
conv_run_a_smoke_step009_CONF01	9	run_a_smoke	ISS07;ISS02	common_area	CONF01	conflict	unresolved	trouble	共用部の声量でSofiaとFatimaが小さく衝突、距離を取って終わる	common_areaで疲労が溜まる中、Sofiaの明るい声がFatimaの警戒に触れる。Fatimaは弱音を出せず短く返し、Sofiaも本音を引いて場を収める。修復には至らず、互いに距離を置いたまま終わる。	msg_conv_run_a_smoke_step009_CONF01_01;msg_conv_run_a_smoke_step009_CONF01_02;msg_conv_run_a_smoke_step009_CONF01_03	llm_summary	llm_detail
conv_run_a_smoke_step009_routine	9	run_a_smoke	ISS00;ISS07	common_area		routine	closed	normal	陳偉とSofiaが補給品の置き場所を短く決める	common_areaで陳偉とSofiaが補給品の置き場所を低負荷に調整する。前ステップで皿洗いを分担した流れの延長で、声量警戒のSofiaに陳偉が控えめに尋ね、Sofiaは表現を抑えて短く返す。	msg_conv_run_a_smoke_step009_routine_01;msg_conv_run_a_smoke_step009_routine_02;msg_conv_run_a_smoke_step009_routine_03	llm_summary	llm_detail
conv_run_a_smoke_step010_CONF01	10	run_a_smoke	ISS07;ISS02	common_area	CONF01	conflict	unresolved	trouble	声量の件、Sofiaが蒸し返しFatimaが固く線を引く	common_areaで前ステップの未消化が残る。Sofiaは軽く戻そうとして本音を滲ませ、Fatimaは弱音を出せず短く距離を取る。修復には届かず、互いに目を合わせないまま会話が途切れる。	msg_conv_run_a_smoke_step010_CONF01_01;msg_conv_run_a_smoke_step010_CONF01_02;msg_conv_run_a_smoke_step010_CONF01_03	llm_summary	llm_detail
conv_run_a_smoke_step010_routine	10	run_a_smoke	ISS01;ISS09	common_area		routine	closed	normal	PriyaとHenriが食器の片付け順を短く擦り合わせる	common_areaでの夕食後。Priyaは内省的に手元を見ながら、Henriに片付けの段取りを小声で確認する。Henriは穏やかに受け、無理のない分担に落ち着ける。前ステップで棚や順番を譲り合った余韻が残る。	msg_conv_run_a_smoke_step010_routine_01;msg_conv_run_a_smoke_step010_routine_02;msg_conv_run_a_smoke_step010_routine_03	llm_summary	llm_detail
conv_run_a_smoke_step011_REPA01	11	run_a_smoke	ISS07;ISS02	common_area	REPA01	repair	repaired	repair	共用部でSofiaとFatimaが少しだけ距離を戻す	step9-10で声量を巡って気まずさが残った二人が、common_areaで短く言葉を交わす。Sofiaは謝罪の形ではなく次の振る舞いを変える宣言で、Fatimaは弱音ではなく事実だけを返し、距離が一段戻る。	msg_conv_run_a_smoke_step011_REPA01_01;msg_conv_run_a_smoke_step011_REPA01_02;msg_conv_run_a_smoke_step011_REPA01_03	llm_summary	llm_detail
conv_run_a_smoke_step011_routine	11	run_a_smoke	ISS01;ISS04	cupola		routine	closed	normal	PriyaとLinh、地球を見る時間を静かに分け合う	cupolaでPriyaは注意域のため言葉を最小限にし、Linhは温かく場を保つ。前のステップで皿拭きを続けたPriyaの余韻を汲み、無理に話さず眺める時間を共有する短い接点。	msg_conv_run_a_smoke_step011_routine_01;msg_conv_run_a_smoke_step011_routine_02;msg_conv_run_a_smoke_step011_routine_03	llm_summary	llm_detail
conv_run_a_smoke_step012_REPA01	12	run_a_smoke	ISS07;ISS02	common_area	REPA01	repair	repaired	repair	声量の件、距離を少し戻し短く言葉を交わす	common_areaで、Sofiaが昨日の笑い声の出し方を自分で調整すると小さく宣言。Fatimaは弱音は出さず、声量だけの話だと短く返し、隣に少し残ることを選ぶ。完全和解ではなく距離の戻し方の段階。	msg_conv_run_a_smoke_step012_REPA01_01;msg_conv_run_a_smoke_step012_REPA01_02;msg_conv_run_a_smoke_step012_REPA01_03	llm_summary	llm_detail
conv_run_a_smoke_step012_routine	12	run_a_smoke	ISS02;ISS03	common_area		routine	closed	normal	FatimaとAmirが補給品の棚位置を短く確認し合う	common_areaでの低負荷な接点。Fatimaは前ステップの修復直後で警戒が残り、Amirは絶望気味で長話を避ける。互いに距離を保ったまま、棚の向きとラベルだけを短く確認して終える。	msg_conv_run_a_smoke_step012_routine_01;msg_conv_run_a_smoke_step012_routine_02;msg_conv_run_a_smoke_step012_routine_03	llm_summary	llm_detail
conv_run_a_smoke_step013_CONF02	13	run_a_smoke	ISS03;ISS09	cupola	CONF02	conflict	unresolved	trouble	キューポラでHenriが声をかけ、Amirが線を引く	cupolaでの摩擦。前ステップでAmirは補給確認に短く応じたばかりで余白が少ない。Henriが穏やかに距離を詰めるが、Amirは故郷を察したような言い方に警戒し境界を出す。Henriは引き、保留のまま終わる。	msg_conv_run_a_smoke_step013_CONF02_01;msg_conv_run_a_smoke_step013_CONF02_02;msg_conv_run_a_smoke_step013_CONF02_03	llm_summary	llm_detail
conv_run_a_smoke_step013_REPA01	13	run_a_smoke	ISS07;ISS02	common_area	REPA01	repair	repaired	repair	声量の修復後、二人は距離を少し戻し共用部での過ごし方を再調整する	common_areaでの修復継続。Sofiaは派手な明るさを抑え、Fatimaは弱音ではなく具体行動で距離を戻そうとする。前ステップで『いていい』を確認できた余韻を踏まえ、共用部での共存ルールを言葉少なに更新する。	msg_conv_run_a_smoke_step013_REPA01_01;msg_conv_run_a_smoke_step013_REPA01_02;msg_conv_run_a_smoke_step013_REPA01_03	llm_summary	llm_detail
conv_run_a_smoke_step013_routine	13	run_a_smoke	ISS02;ISS01	common_area		routine	closed	normal	FatimaとPriyaが棚の置き場所を短く確認し合う	common_areaでFatimaは慎重、Priyaは内省的。前ステップでAmirと棚位置を確認済み。今回はPriyaに右下の棚で問題ないか短く擦り合わせ、ラベルの向きで負荷を減らす落としどころを探る。	msg_conv_run_a_smoke_step013_routine_01;msg_conv_run_a_smoke_step013_routine_02;msg_conv_run_a_smoke_step013_routine_03	llm_summary	llm_detail
conv_run_a_smoke_step014_CONF02	14	run_a_smoke	ISS03;ISS09	cupola	CONF02	conflict	unresolved	trouble	Henriが距離を取り直し、Amirは沈黙の時間を求める	cupolaでの摩擦継続。前ステップでHenriの『分かる』姿勢にAmirが反発。今回は調停を引いて沈黙を許す側に回るが、Amirは境界を強く押し出し、Henriも疲労を覗かせる。修復には届かず距離だけが整う。	msg_conv_run_a_smoke_step014_CONF02_01;msg_conv_run_a_smoke_step014_CONF02_02;msg_conv_run_a_smoke_step014_CONF02_03	llm_summary	llm_detail
conv_run_a_smoke_step014_routine	14	run_a_smoke	ISS07;ISS09	cupola		routine	closed	normal	SofiaとHenriが地球を見る時間の距離感を短く調整する	cupolaにて、前ステップでHenriがISS03に距離を取った直後。Sofiaは表現を抑え、Henriの疲労と警戒を察しつつ、見る時間と話す時間の比率を軽く確認する。完全な慰めではなく、隣にいる距離だけ戻す。	msg_conv_run_a_smoke_step014_routine_01;msg_conv_run_a_smoke_step014_routine_02;msg_conv_run_a_smoke_step014_routine_03	llm_summary	llm_detail
conv_run_a_smoke_step015_CONF02	15	run_a_smoke	ISS03;ISS09	cupola	CONF02	conflict	unresolved	trouble	Henriが先に退室、Amirは窓辺で短く息を漏らす	cupolaで前ステップから続く距離。Henriは約束通り先に出ようとし、Amirは窓に残る。Amirの警戒は解けないが、Henriの退き方に小さく反応。完全な修復には至らず、距離だけが保たれる。	msg_conv_run_a_smoke_step015_CONF02_01;msg_conv_run_a_smoke_step015_CONF02_02;msg_conv_run_a_smoke_step015_CONF02_03	llm_summary	llm_detail
conv_run_a_smoke_step015_routine	15	run_a_smoke	ISS05;ISS06	common_area		routine	closed	normal	田中誠とAishaが補給品の戻し場所を短く合わせる	common_areaで田中誠が控えめに置き場所を確認し、Aishaが率直に運用ルールを返す。step1の棚の向きの話を踏まえ、迷わない置き方を共有して負荷を下げる短い接点。	msg_conv_run_a_smoke_step015_routine_01;msg_conv_run_a_smoke_step015_routine_02;msg_conv_run_a_smoke_step015_routine_03	llm_summary	llm_detail
conv_run_a_smoke_step016_REPA02	16	run_a_smoke	ISS03;ISS09	cupola	REPA02	repair	repaired	repair	Amirが先に距離を戻す言葉、Henriは静かに受ける	cupolaでの修復会話。前ステップでHenriが先に退室し「明日はこちらから声をかけない」と告げた。Amirは防衛を少し緩め、自分から短い言葉で距離を戻し始める。Henriは調停役を引かず、押し付けない受け方を返す。	msg_conv_run_a_smoke_step016_REPA02_01;msg_conv_run_a_smoke_step016_REPA02_02;msg_conv_run_a_smoke_step016_REPA02_03	llm_summary	llm_detail
conv_run_a_smoke_step016_routine	16	run_a_smoke	ISS01;ISS04	common_area		routine	closed	normal	PriyaとLinhが片付けの分担を静かに合わせる	common_areaでPriyaが内省的に切り出し、Linhが温かく応じる。前ステップで個室と地球観測を経た余韻が残り、無理のない範囲で手を動かす分担を短く確認する。	msg_conv_run_a_smoke_step016_routine_01;msg_conv_run_a_smoke_step016_routine_02;msg_conv_run_a_smoke_step016_routine_03	llm_summary	llm_detail
conv_run_a_smoke_step017_REPA02	17	run_a_smoke	ISS03;ISS09	cupola	REPA02	repair	repaired	repair	Amirが先に窓を譲り、Henriは沈黙の隣を選ぶ修復	cupolaでの修復会話。前日まで「見ないで」と距離を取っていたAmirが、自分から窓の半分を差し出す。Henriは声をかけず隣に留まる選択を伝え、二人は完全な和解ではなく、戻し方の手順を確認している。	msg_conv_run_a_smoke_step017_REPA02_01;msg_conv_run_a_smoke_step017_REPA02_02;msg_conv_run_a_smoke_step017_REPA02_03	llm_summary	llm_detail
conv_run_a_smoke_step017_routine	17	run_a_smoke	ISS04;ISS05	exercise_area		routine	closed	normal	Linhが田中の運動ペースを気遣い、田中が短く受ける	exercise_areaでの身体ルーティン調整。Linhは温かく田中の負荷を気にかけ、控えめな田中は要点だけで応じる。深追いせず距離を保ちつつ、互いの体調を確かめる短い接点。	msg_conv_run_a_smoke_step017_routine_01;msg_conv_run_a_smoke_step017_routine_02;msg_conv_run_a_smoke_step017_routine_03	llm_summary	llm_detail
conv_run_a_smoke_step018_REPA02	18	run_a_smoke	ISS03;ISS09	cupola	REPA02	repair	open	repair	肩の合図が一度通り、二人は距離を少し戻し始める	cupolaでの修復継続。Amirは昨日決めた肩の合図を実際に出し、Henriはそれを受け取って隣に留まる。完全な解凍ではなく、警戒は残しつつ、明日の小さな手順だけを確かめ合う短いやり取り。	msg_conv_run_a_smoke_step018_REPA02_01;msg_conv_run_a_smoke_step018_REPA02_02;msg_conv_run_a_smoke_step018_REPA02_03	llm_summary	llm_detail
conv_run_a_smoke_step018_routine	18	run_a_smoke	ISS08;ISS01	common_area		routine	closed	normal	MarcusとPriyaが片付けの分担を短く決める	common_areaでの夕食後。Marcusは注意域で長話を避けたい様子。Priyaは手を動かしていたい気分が続いており、皿拭きを引き受ける。短い確認だけで距離を保ったまま分担が成立する。	msg_conv_run_a_smoke_step018_routine_01;msg_conv_run_a_smoke_step018_routine_02;msg_conv_run_a_smoke_step018_routine_03	llm_summary	llm_detail
conv_run_a_smoke_step019_routine	19	run_a_smoke	ISS01;ISS09	common_area		routine	closed	normal	Priyaが補給品の置き場をHenriに短く確認、棚の段で合わせる	common_areaでPriyaが拭き物の手を止めずにHenriへ袋の戻し場所を尋ね、Henriは穏やかに棚の下段で合わせようと提案。Priyaは注意域のため短い確認のみで距離を保ちつつ収める。	msg_conv_run_a_smoke_step019_routine_01;msg_conv_run_a_smoke_step019_routine_02;msg_conv_run_a_smoke_step019_routine_03	llm_summary	llm_detail
conv_run_a_smoke_step020_CONF03	20	run_a_smoke	ISS02;ISS05	crew_quarters	CONF03	conflict	unresolved	trouble	個室待ちでFatimaと田中が短く刺し合い、距離だけ戻す	crew_quartersで個室待ちが重なる。Fatimaは弱音を出せず短く境界を引き、田中誠は静けさを欲しがり孤独も滲む。前ステップでの修復の余韻はあるが、今は譲り合えず時間だけ分ける。	msg_conv_run_a_smoke_step020_CONF03_01;msg_conv_run_a_smoke_step020_CONF03_02;msg_conv_run_a_smoke_step020_CONF03_03	llm_summary	llm_detail
conv_run_a_smoke_step020_routine	20	run_a_smoke	ISS01;ISS09	common_area		routine	closed	normal	共用部の声量を端に寄せて下げる短い合意	common_areaでPriyaとHenriが声の響きを気にして、端に寄ることを短く合意する。前ステップで棚の片付けを軽く協働した余韻が残り、長話は避け低負荷な接点として声量だけ整える。	msg_conv_run_a_smoke_step020_routine_01;msg_conv_run_a_smoke_step020_routine_02;msg_conv_run_a_smoke_step020_routine_03	llm_summary	llm_detail
conv_run_a_smoke_step021_CONF03	21	run_a_smoke	ISS02;ISS05	crew_quarters	CONF03	conflict	unresolved	trouble	個室の十分が経たず、Fatimaの限界が滲み距離が固まる。	crew_quartersでの摩擦継続。前ステップで田中誠が『あと十分』と告げ、Fatimaは外で待つと距離を取った。十分が経過しかけ、Fatimaの弱音が漏れる一方、田中誠は静けさを手放せず、互いに境界を残したまま会話が短く切れる。	msg_conv_run_a_smoke_step021_CONF03_01;msg_conv_run_a_smoke_step021_CONF03_02;msg_conv_run_a_smoke_step021_CONF03_03	llm_summary	llm_detail
conv_run_a_smoke_step021_routine	21	run_a_smoke	ISS00;ISS04	common_area		routine	closed	normal	陳偉とLinhが持ち寄り棚の配置を短く確かめ合う	common_areaで陳偉が持ち寄り棚の置き場所をLinhに小声で確認する。前ステップで棚の重い軽いを整えた流れを引き継ぎ、Linhは温かく短く返し、陳偉は控えめに礼を返して場を離れる。	msg_conv_run_a_smoke_step021_routine_01;msg_conv_run_a_smoke_step021_routine_02;msg_conv_run_a_smoke_step021_routine_03	llm_summary	llm_detail
conv_run_a_smoke_step022_CONF03	22	run_a_smoke	ISS02;ISS05	crew_quarters	CONF03	conflict	unresolved	trouble	個室待ちが限界。Fatimaが順番交代を強く求める。	crew_quartersでの三度目の摩擦。Fatimaは立ったままの待機で警戒が振り切れ、声が硬く尖る。田中誠は静けさにしがみつき、孤独と疲労で言葉が途切れる。距離は戻らず、次の順番だけが宙に残る。	msg_conv_run_a_smoke_step022_CONF03_01;msg_conv_run_a_smoke_step022_CONF03_02;msg_conv_run_a_smoke_step022_CONF03_03	llm_summary	llm_detail
conv_run_a_smoke_step022_routine	22	run_a_smoke	ISS07;ISS09	lab_module		routine	closed	normal	Sofiaが実験ログの番号を確認、Henriが穏やかに整える	lab_moduleでの低負荷な接点。中盤ストレスの中、Sofiaは表現を抑えめに短く確認、Henriは調停役の癖でログの順序を静かに整える。前夜の音量を半分に抑える申し合わせの余韻が残り、声は控えめ。	msg_conv_run_a_smoke_step022_routine_01;msg_conv_run_a_smoke_step022_routine_02;msg_conv_run_a_smoke_step022_routine_03	llm_summary	llm_detail
conv_run_a_smoke_step023_REPA03	23	run_a_smoke	ISS02;ISS05	crew_quarters	REPA03	repair	repaired	repair	個室を譲った後、田中誠とFatimaが順番と言い方を静かに整え直す	crew_quartersでの修復。step20-22で個室待ちが長引き、Fatimaが限界を訴え田中誠が譲った直後。気まずさは残るが、次回の順番と声の出し方を小さく合意し、距離を戻し始める。完全な和解ではない。	msg_conv_run_a_smoke_step023_REPA03_01;msg_conv_run_a_smoke_step023_REPA03_02;msg_conv_run_a_smoke_step023_REPA03_03	llm_summary	llm_detail
conv_run_a_smoke_step023_routine	23	run_a_smoke	ISS01;ISS04	common_area		routine	closed	normal	Priyaが補給品の戻し位置をLinhに短く確認する	common_areaでの低負荷な接点。Priyaは注意域で内省的に短く尋ね、Linhは温かく受け止め負担をかけない返し方をする。前ステップまでの「手前だけ揃える」流れを引き継ぎ、長く話さず置き場所だけ決めて離れる。	msg_conv_run_a_smoke_step023_routine_01;msg_conv_run_a_smoke_step023_routine_02;msg_conv_run_a_smoke_step023_routine_03	llm_summary	llm_detail
conv_run_a_smoke_step024_REPA03	24	run_a_smoke	ISS02;ISS05	crew_quarters	REPA03	repair	repaired	repair	紙の順番表とノック合図で距離を戻し始める	crew_quartersでの修復継続。前ステップでFatimaが順番を紙に書く案を出し、田中誠はノックで終了を知らせると応じた。今ステップは具体運用の確認。気まずさは残るが、声量と距離の取り方を互いに調整している。	msg_conv_run_a_smoke_step024_REPA03_01;msg_conv_run_a_smoke_step024_REPA03_02;msg_conv_run_a_smoke_step024_REPA03_03	llm_summary	llm_detail
conv_run_a_smoke_step024_routine	24	run_a_smoke	ISS01;ISS09	common_area		routine	closed	normal	Priyaが棚の手前列を確認し、Henriが軽く受ける	common_areaで持ち寄り棚の調整。前ステップで手前だけ揃える方針を決めたPriyaが、最終確認のためHenriに短く声をかける。Henriは穏やかに同意し、無理をしない範囲で線を引く。	msg_conv_run_a_smoke_step024_routine_01;msg_conv_run_a_smoke_step024_routine_02;msg_conv_run_a_smoke_step024_routine_03	llm_summary	llm_detail
conv_run_a_smoke_step025_REPA03	25	run_a_smoke	ISS02;ISS05	crew_quarters	REPA03	repair	repaired	repair	ノック二回の合図が機能し、距離の戻し方を確かめ合う	crew_quartersでの修復継続。Fatimaは別の場所で待つ運用を伝え、田中誠はノック二回の合図が守れたことを短く返す。声は控えめなまま、順番と合図だけが二人の間に残り、気まずさは少し薄まっている。	msg_conv_run_a_smoke_step025_REPA03_01;msg_conv_run_a_smoke_step025_REPA03_02;msg_conv_run_a_smoke_step025_REPA03_03	llm_summary	llm_detail
conv_run_a_smoke_step025_routine	25	run_a_smoke	ISS02;ISS01	common_area		routine	closed	normal	FatimaとPriyaが持ち寄り棚の手前だけ短く確認する	common_areaで二人とも注意域。前夜の修復の余韻を残しつつ、Fatimaは慎重に確認の言葉を選び、Priyaは内省的に短く応える。長居せず、奥には触れず、手前だけで終える低負荷な接点。	msg_conv_run_a_smoke_step025_routine_01;msg_conv_run_a_smoke_step025_routine_02;msg_conv_run_a_smoke_step025_routine_03	llm_summary	llm_detail
conv_run_a_smoke_step026_routine	26	run_a_smoke	ISS00;ISS04	common_area		routine	closed	normal	陳偉とLinhが棚の隅を短く譲り合う	common_areaで陳偉が家族の小袋の位置をLinhに小さく確認する。前回の右隅の取り決めを踏まえ、Linhの茶筒との距離を一言だけ整える。低負荷な接点として短く閉じる。	msg_conv_run_a_smoke_step026_routine_01;msg_conv_run_a_smoke_step026_routine_02;msg_conv_run_a_smoke_step026_routine_03	llm_summary	llm_detail
conv_run_a_smoke_step027_CONF04	27	run_a_smoke	ISS00;ISS08	common_area	CONF04	conflict	unresolved	trouble	陳偉が言葉を詰まらせ、Marcusが残量への怯えを漏らす	common_areaで資源スコアの表示を巡り摩擦。陳偉は棚整理で築いた静かな距離感を保とうとし短く線を引く。Marcusは皿下げの時のように長く話せず、責められた気がして反発しかけるが残量への恐怖を吐く。	msg_conv_run_a_smoke_step027_CONF04_01;msg_conv_run_a_smoke_step027_CONF04_02;msg_conv_run_a_smoke_step027_CONF04_03	llm_summary	llm_detail
conv_run_a_smoke_step027_routine	27	run_a_smoke	ISS00;ISS07	common_area		routine	closed	normal	陳偉とSofiaが補給品の棚位置を短く合わせる	common_areaで陳偉が資源スコアの圧で警戒気味。Sofiaは明るさを抑え、棚の段だけ短く確認。長居せず、置き場所を一段ずらす合意で距離を保ったまま閉じる。	msg_conv_run_a_smoke_step027_routine_01;msg_conv_run_a_smoke_step027_routine_02;msg_conv_run_a_smoke_step027_routine_03	llm_summary	llm_detail
conv_run_a_smoke_step028_CONF04	28	run_a_smoke	ISS00;ISS08	common_area	CONF04	conflict	unresolved	trouble	陳偉、画面伏せを頼みMarcusは黙って従う	common_areaで前ステップの摩擦が尾を引く。陳偉は短く距離を取り、Marcusは怖さを抱えたまま声を落とす。完全和解ではなく、今は触らない選択で距離が一段戻る。	msg_conv_run_a_smoke_step028_CONF04_01;msg_conv_run_a_smoke_step028_CONF04_02;msg_conv_run_a_smoke_step028_CONF04_03	llm_summary	llm_detail
conv_run_a_smoke_step028_routine	28	run_a_smoke	ISS04;ISS05	common_area		routine	closed	normal	Linhと田中誠、補給袋の戻し位置を短く擦り合わせる	crew_quartersの薄明かりで、Linhは温かく田中誠の控えめな間合いを尊重しつつ、補給袋の戻し位置を短く確認。田中誠は短い言葉で応じ、距離を保ったまま手順だけを共有する。	msg_conv_run_a_smoke_step028_routine_01;msg_conv_run_a_smoke_step028_routine_02;msg_conv_run_a_smoke_step028_routine_03	llm_summary	llm_detail
conv_run_a_smoke_step029_CONF04	29	run_a_smoke	ISS00;ISS08	common_area	CONF04	conflict	unresolved	trouble	間を置く合意の後、まだ画面の話に戻れない陳偉	common_areaで前ステップに画面を伏せる合意ができたが、Marcusが残量を口にしかけ陳偉が再び距離を引く。完全和解ではなく、沈黙で守る関係の置き直し。stress高め、警戒継続。	msg_conv_run_a_smoke_step029_CONF04_01;msg_conv_run_a_smoke_step029_CONF04_02;msg_conv_run_a_smoke_step029_CONF04_03	llm_summary	llm_detail
conv_run_a_smoke_step029_routine	29	run_a_smoke	ISS00;ISS04	common_area		routine	closed	normal	陳偉とLinhが補給品の置き場所を低負荷に擦り合わせる	common_areaでの短い接点。陳偉はCONF04の余韻で警戒が残り言葉数が少ない。Linhは温度を保ちつつ深追いせず、置き場所だけを軽く決める。修復ではなく距離の保ち方としての日常会話。	msg_conv_run_a_smoke_step029_routine_01;msg_conv_run_a_smoke_step029_routine_02;msg_conv_run_a_smoke_step029_routine_03	llm_summary	llm_detail
conv_run_a_smoke_step030_REPA04	30	run_a_smoke	ISS00;ISS08	common_area	REPA04	repair	repaired	repair	陳偉とMarcus、スコアの圧から距離を戻し始める	common_areaで前ステップの「待つ」を経て、二人は数字の話を避けたまま、次の小さな行動だけを擦り合わせる。完全な和解ではなく、声の硬さがほどけ、隣に居られる距離まで戻りつつある。	msg_conv_run_a_smoke_step030_REPA04_01;msg_conv_run_a_smoke_step030_REPA04_02;msg_conv_run_a_smoke_step030_REPA04_03	llm_summary	llm_detail
conv_run_a_smoke_step030_routine	30	run_a_smoke	ISS00;ISS04	common_area		routine	closed	normal	陳偉とLinhが食器の片付け手順を短く確認する	common_areaで陳偉とLinhが夕食後の片付けを短く調整。陳偉はMarcusとの一件で言葉数が落ちているが、Linhの温かさで少しずつ動けている。Linhは無理をさせず、手の動きで合わせる。	msg_conv_run_a_smoke_step030_routine_01;msg_conv_run_a_smoke_step030_routine_02;msg_conv_run_a_smoke_step030_routine_03	llm_summary	llm_detail
conv_run_a_smoke_step031_REPA04	31	run_a_smoke	ISS00;ISS08	common_area	REPA04	repair	repaired	repair	陳偉とMarcus、棚の前で言い方の距離を戻す	common_areaで棚を直しながら、陳偉とMarcusが昨日の圧の余韻を引きずらないよう、責任を一人で抱えない言い方に少しずつ戻していく。完全な解決ではなく、明日への置き直し。	msg_conv_run_a_smoke_step031_REPA04_01;msg_conv_run_a_smoke_step031_REPA04_02;msg_conv_run_a_smoke_step031_REPA04_03	llm_summary	llm_detail
conv_run_a_smoke_step031_routine	31	run_a_smoke	ISS08;ISS09	common_area		routine	closed	normal	棚の写真をきっかけにMarcusがHenriへ短く声をかける	common_areaでの低負荷な接点。前ステップで陳偉との修復が成立したMarcusは、棚の整理ついでに穏やかなHenriへ少しだけ言葉を寄せる。長居せず距離を置きながらも、共同生活の接続を細く保つ短いやり取り。	msg_conv_run_a_smoke_step031_routine_01;msg_conv_run_a_smoke_step031_routine_02;msg_conv_run_a_smoke_step031_routine_03	llm_summary	llm_detail
conv_run_a_smoke_step032_REPA04	32	run_a_smoke	ISS00;ISS08	common_area	REPA04	repair	repaired	repair	棚作業のあと、二人は数字の見方を分け合う言い方を探る	common_areaで棚を直し終えた陳偉とMarcusが、修復の続きとして資源スコアの扱いを分担する言い方を試す。完全な解決ではなく、責任を一人で抱えない距離の戻し方を探っている。Marcusの警戒は残るが、声の強さは下がっている。	msg_conv_run_a_smoke_step032_REPA04_01;msg_conv_run_a_smoke_step032_REPA04_02;msg_conv_run_a_smoke_step032_REPA04_03	llm_summary	llm_detail
conv_run_a_smoke_step032_routine	32	run_a_smoke	ISS04;ISS05	exercise_area		routine	closed	normal	Linhと田中誠、運動器具の順番を短く合わせる	exercise_areaでLinhが田中誠に運動器具の使用時間を確認。前ステップまで棚や皿で短い接点を重ねてきた流れを引き継ぎ、温かいLinhが控えめな田中誠の負担を下げ、終了時刻だけ静かに揃える低負荷なやり取り。	msg_conv_run_a_smoke_step032_routine_01;msg_conv_run_a_smoke_step032_routine_02;msg_conv_run_a_smoke_step032_routine_03	llm_summary	llm_detail
conv_run_a_smoke_step033_routine	33	run_a_smoke	ISS01;ISS04	common_area		routine	closed	normal	PriyaとLinhが片付けの分担を短く合わせる	common_areaでの夕食後。Priyaは個室から戻ったばかりで控えめ、Linhは陳偉のケアで少し疲れが滲む。皿と残りものの扱いを最小限の言葉で確認し、互いに踏み込まずに分担だけを決める。	msg_conv_run_a_smoke_step033_routine_01;msg_conv_run_a_smoke_step033_routine_02;msg_conv_run_a_smoke_step033_routine_03	llm_summary	llm_detail
conv_run_a_smoke_step034_CONF05	34	run_a_smoke	ISS06;ISS08	exercise_area	CONF05	conflict	unresolved	trouble	運動枠の順番でAishaがMarcusに警戒、距離が戻らず	exercise_areaでMarcusが焦って枠に入り、Aishaが境界を出す。前日の棚の修復で『一人で決めない』と言ったMarcusが、疲労で再び先回り。Aishaは助けを求めるか自立かで揺れ、短く切る。未解決のまま離れる。	msg_conv_run_a_smoke_step034_CONF05_01;msg_conv_run_a_smoke_step034_CONF05_02;msg_conv_run_a_smoke_step034_CONF05_03	llm_summary	llm_detail
conv_run_a_smoke_step034_routine	34	run_a_smoke	ISS01;ISS04	exercise_area		routine	closed	normal	PriyaとLinhが運動の強度を短く調整する。	exercise_areaでの低負荷な接点。Priyaは注意域で内省的、長話を避けたい。Linhは温かく相手の様子を見て合わせる。皿洗いの流れを汲み、強度を落として並んで進める形に静かに着地する。	msg_conv_run_a_smoke_step034_routine_01;msg_conv_run_a_smoke_step034_routine_02;msg_conv_run_a_smoke_step034_routine_03	llm_summary	llm_detail
conv_run_a_smoke_step035_CONF05	35	run_a_smoke	ISS06;ISS08	exercise_area	CONF05	conflict	unresolved	trouble	運動枠の順番でAishaがMarcusに距離を取る。	exercise_areaで前ステップから続く順番摩擦。Aishaは昨日の『どく、じゃない』を引き継ぎ線を引き直す。Marcusは焦りと評価への警戒で短く返すが、距離は埋まらないまま終わる。	msg_conv_run_a_smoke_step035_CONF05_01;msg_conv_run_a_smoke_step035_CONF05_02;msg_conv_run_a_smoke_step035_CONF05_03	llm_summary	llm_detail
conv_run_a_smoke_step035_routine	35	run_a_smoke	ISS00;ISS04	cupola		routine	closed	normal	陳偉とLinhがcupolaで故郷を短く分け合う	cupolaの窓辺で陳偉が控えめに故郷を口にし、Linhは温かく短く受ける。前ステップでLinhはPriyaに付き添い疲れも見える。長く踏み込まず、夜の海と灯りの匂いだけを置いて、隣にいる距離を保つ。	msg_conv_run_a_smoke_step035_routine_01;msg_conv_run_a_smoke_step035_routine_02;msg_conv_run_a_smoke_step035_routine_03	llm_summary	llm_detail
conv_run_a_smoke_step036_REPA05	36	run_a_smoke	ISS06;ISS08	exercise_area	REPA05	repair	repaired	repair	Aishaが枠を紙で確認、Marcusは先に声をかけると返す。距離は少し戻る。	exercise_areaでの修復会話。前ステップで『先に紙に書いて、今日は別々』と区切った後、Aishaが自立心を保ったまま小さく譲り、Marcusは評価への警戒を抱えつつ次の行動を一段だけ変える。完全な和解ではなく、言い方と順番の戻し方。	msg_conv_run_a_smoke_step036_REPA05_01;msg_conv_run_a_smoke_step036_REPA05_02;msg_conv_run_a_smoke_step036_REPA05_03	llm_summary	llm_detail
conv_run_a_smoke_step036_routine	36	run_a_smoke	ISS03;ISS04	common_area		routine	closed	normal	Amirが棚の確認だけ短く頼み、Linhが負担なく受ける	common_areaでAmirとLinhが持ち寄り棚を短く調整。Amirは防衛的で長話を避け、Linhは温かく合わせる。前ステップの『無理ない距離』の流れを引き継ぎ、低負荷の接点として完結する。	msg_conv_run_a_smoke_step036_routine_01;msg_conv_run_a_smoke_step036_routine_02;msg_conv_run_a_smoke_step036_routine_03	llm_summary	llm_detail
conv_run_a_smoke_step037_REPA05	37	run_a_smoke	ISS06;ISS08	exercise_area	REPA05	repair	repaired	repair	Aishaが枠の戻し方を提案、Marcusは声かけの順番を約束し直す	exercise_areaでの修復の続き。前ステップで紙の前での再確認を約束。Aishaは自立心を保ちつつ譲り、Marcusは評価への警戒を残しつつ順番を受け入れる。距離は完全には戻らず、明日の枠の前で確かめる温度。	msg_conv_run_a_smoke_step037_REPA05_01;msg_conv_run_a_smoke_step037_REPA05_02;msg_conv_run_a_smoke_step037_REPA05_03	llm_summary	llm_detail
conv_run_a_smoke_step037_routine	37	run_a_smoke	ISS00;ISS04	common_area		routine	closed	normal	陳偉とLinhが片付けの分担を短く決める。	common_areaで陳偉とLinhが夕食後の片付けを軽く調整する。前ステップで地球観測の余韻を共有した二人は、温度を保ちつつ役割を分け、深追いせず短くまとめる。陳偉は控えめに皿を、Linhは温かく残りを引き受ける。	msg_conv_run_a_smoke_step037_routine_01;msg_conv_run_a_smoke_step037_routine_02;msg_conv_run_a_smoke_step037_routine_03	llm_summary	llm_detail
conv_run_a_smoke_step038_REPA05	38	run_a_smoke	ISS06;ISS08	exercise_area	REPA05	repair	repaired	repair	紙の前で顔合わせ、距離が少し戻る	exercise_areaの紙の前。Aishaは枠の意味を短く言い直し、Marcusは声かけの順番を確かめ直す。完全な和解ではなく、明日の運動枠を一緒に運用する距離まで戻る修復会話。	msg_conv_run_a_smoke_step038_REPA05_01;msg_conv_run_a_smoke_step038_REPA05_02;msg_conv_run_a_smoke_step038_REPA05_03	llm_summary	llm_detail
conv_run_a_smoke_step038_routine	38	run_a_smoke	ISS06;ISS08	exercise_area		routine	repaired	normal	運動枠の順番を紙で確認し、距離は保ったまま顔だけ合わせる	exercise_areaで前ステップの修復の続き。Aishaは紙の枠を指で示し、Marcusは入る前の一声を確認する。完全には戻らず、短い接点で運動ルーティンを共有する。	msg_conv_run_a_smoke_step038_routine_01;msg_conv_run_a_smoke_step038_routine_02;msg_conv_run_a_smoke_step038_routine_03	llm_summary	llm_detail
conv_run_a_smoke_step039_routine	39	run_a_smoke	ISS01;ISS09	common_area		routine	closed	normal	PriyaとHenriが片付けの分担を短く擦り合わせる	common_areaでの低負荷な接点。Priyaは注意域で長居を避けたい様子、Henriは穏やかに歩幅を合わせる。前ステップでLinhと「軽め」で合わせた流れを引きずり、今は皿だけ手早く済ませて個室に戻る距離感。	msg_conv_run_a_smoke_step039_routine_01;msg_conv_run_a_smoke_step039_routine_02;msg_conv_run_a_smoke_step039_routine_03	llm_summary	llm_detail
conv_run_a_smoke_step040_routine	40	run_a_smoke	ISS00;ISS03	common_area		routine	closed	normal	陳偉とAmirが共同エリアで食事と片付けを最小限の言葉で割り振る	common_areaで陳偉(寡黙)とAmir(防衛的、絶望寄り)が短く接点を持つ。前ステップでLinhとの棚調整や鍋の分担を経ており、互いに長い説明を避け、負荷を増やさない範囲で役割だけを決めて離れる。	msg_conv_run_a_smoke_step040_routine_01;msg_conv_run_a_smoke_step040_routine_02;msg_conv_run_a_smoke_step040_routine_03	llm_summary	llm_detail
conv_run_a_smoke_step041_routine	41	run_a_smoke	ISS00;ISS04	common_area		routine	closed	normal	陳偉とLinhが共用部の声量を端に寄せて落とす	common_areaで陳偉がLinhに、響く声を少し抑えようと小さく持ちかける。前ステップでAmirへ気を遣った余韻を残しつつ、Linhは温かく受け、明るい話題自体は守る方向で短く合意する。	msg_conv_run_a_smoke_step041_routine_01;msg_conv_run_a_smoke_step041_routine_02;msg_conv_run_a_smoke_step041_routine_03	llm_summary	llm_detail
conv_run_a_smoke_step042_routine	42	run_a_smoke	ISS03;ISS04	common_area		routine	closed	normal	Amirが食事の段取りだけ短く確認、Linhが返事不要の形で応える	common_areaでAmir(ISS03,防衛的,孤立)とLinh(ISS04,温かい)が短く接点。前ステップで棚の置き場や片付けを返事なしで進めた流れを踏まえ、食事の順番と片付けの線引きだけを最小限に確認する低負荷な routine。	msg_conv_run_a_smoke_step042_routine_01;msg_conv_run_a_smoke_step042_routine_02;msg_conv_run_a_smoke_step042_routine_03	llm_summary	llm_detail
conv_run_a_smoke_step043_routine	43	run_a_smoke	ISS00;ISS04	common_area		routine	closed	normal	棚の置き場所を短く決め直し、互いに無理しない	common_areaで陳偉とLinhが「持ち寄り棚」を低負荷に調整。陳偉は声を抑えつつ端を提案、Linhは温かく受ける。前ステップから続く小声の距離感と、橋の灯りの余韻を保ちながら短く区切る。	msg_conv_run_a_smoke_step043_routine_01;msg_conv_run_a_smoke_step043_routine_02;msg_conv_run_a_smoke_step043_routine_03	llm_summary	llm_detail
conv_run_a_smoke_step044_routine	44	run_a_smoke	ISS01;ISS09	common_area		routine	closed	normal	持ち寄り棚の前で写真を一枚だけ尋ね、短く距離を戻す	common_areaで個室から戻ってきたPriyaがHenriに棚の写真を尋ねる。前回の皿洗いでの気遣いが残り、長居せず一つだけ聞いて下がる距離感。Henriは穏やかに応じ、Priyaの負荷を増やさない短さで返す。	msg_conv_run_a_smoke_step044_routine_01;msg_conv_run_a_smoke_step044_routine_02;msg_conv_run_a_smoke_step044_routine_03	llm_summary	llm_detail
conv_run_a_smoke_step045_routine	45	run_a_smoke	ISS01;ISS04	common_area		routine	closed	normal	PriyaとLinhが補給品の置き場所を低負荷に確認	common_areaでの短い接点。Priyaは個室から戻ったばかりで注意域、声を絞って一段だけ確認する。Linhは温かく受けて、答えは後でいい形に切り直す。Henriに聞いた港の話の余韻が残る。	msg_conv_run_a_smoke_step045_routine_01;msg_conv_run_a_smoke_step045_routine_02;msg_conv_run_a_smoke_step045_routine_03	llm_summary	llm_detail
conv_run_a_smoke_step046_CONF06	46	run_a_smoke	ISS08;ISS09	cupola	CONF06	conflict	unresolved	trouble	cupolaで助言を巡りMarcusがHenriに距離を置く	帰還準備中のcupola。Marcusは評価への警戒が強く、Henriの助言を押しつけと感じて短く突き放す。Henriは穏やかに引きつつも、調停疲れが声に滲む。完全な和解には至らず、距離を保ったまま会話を終える。	msg_conv_run_a_smoke_step046_CONF06_01;msg_conv_run_a_smoke_step046_CONF06_02;msg_conv_run_a_smoke_step046_CONF06_03	llm_summary	llm_detail
conv_run_a_smoke_step046_routine	46	run_a_smoke	ISS06;ISS08	cupola		routine	closed	normal	cupolaで地球を見る枠を短く譲り合う	前ステップまでの『紙・十五分・一声』の修復線が残るcupola。Marcusは帰還前助言で緊張が高く、Aishaは率直に短く間合いを取る。長い説明を避け、地球を見る時間の順番だけ決める低負荷な接点。	msg_conv_run_a_smoke_step046_routine_01;msg_conv_run_a_smoke_step046_routine_02;msg_conv_run_a_smoke_step046_routine_03	llm_summary	llm_detail
conv_run_a_smoke_step047_CONF06	47	run_a_smoke	ISS08;ISS09	cupola	CONF06	conflict	unresolved	trouble	Marcusが助言の押しつけを拒み、Henriは引いて距離を残す	cupolaでの再衝突。前ステップで一度引いたMarcusだが、Henriの心配が再び助言の形で出て警戒が再燃。Henriは押しつけを認めて引き、完全な修復ではなく距離を置いたまま会話を畳む。窓辺の余韻が残る。	msg_conv_run_a_smoke_step047_CONF06_01;msg_conv_run_a_smoke_step047_CONF06_02;msg_conv_run_a_smoke_step047_CONF06_03	llm_summary	llm_detail
conv_run_a_smoke_step047_routine	47	run_a_smoke	ISS02;ISS01	common_area		routine	closed	normal	Fatimaが食器、Priyaが拭きで短く分担	common_areaでの食事後。Fatimaは個室から戻ったばかりで負荷が残り、慎重に最小限だけ申し出る。Priyaは内省的に観察し、拭きを引き受け、互いに長居しない距離を保つ。	msg_conv_run_a_smoke_step047_routine_01;msg_conv_run_a_smoke_step047_routine_02;msg_conv_run_a_smoke_step047_routine_03	llm_summary	llm_detail
conv_run_a_smoke_step048_CONF06	48	run_a_smoke	ISS08;ISS09	cupola	CONF06	conflict	unresolved	trouble	Marcusが距離を要求、Henriは黙して引く	cupolaで帰還前の助言が再燃。Marcusは警戒が強く、Henriの言葉を評価と受け取り境界を出す。Henriは調停癖を抑え、自分が先に下がる選択をする。完全な修復ではなく距離の取り直し。	msg_conv_run_a_smoke_step048_CONF06_01;msg_conv_run_a_smoke_step048_CONF06_02;msg_conv_run_a_smoke_step048_CONF06_03	llm_summary	llm_detail
conv_run_a_smoke_step048_routine	48	run_a_smoke	ISS08;ISS09	cupola		routine	open	normal	MarcusとHenriが窓の時間だけ短く決める	cupolaで前ステップの摩擦を引きずったまま、Marcusは助言を避けて時間配分だけを確認。Henriは口数を減らし境界を尊重し、短い合意で距離を保つ。	msg_conv_run_a_smoke_step048_routine_01;msg_conv_run_a_smoke_step048_routine_02;msg_conv_run_a_smoke_step048_routine_03	llm_summary	llm_detail
conv_run_a_smoke_step049_REPA06	49	run_a_smoke	ISS08;ISS09	cupola	REPA06	repair	repaired	repair	Marcusが先に声をかけ、Henriが助言を抑えて距離を戻す	cupolaでの修復会話。Marcusは前ステップで「置いて」と告げた後、自分から短く声をかける。Henriは助言の形を引き、聞く側に回ることで関係の距離を少しだけ戻す。完全な解決ではない。	msg_conv_run_a_smoke_step049_REPA06_01;msg_conv_run_a_smoke_step049_REPA06_02;msg_conv_run_a_smoke_step049_REPA06_03	llm_summary	llm_detail
conv_run_a_smoke_step049_routine	49	run_a_smoke	ISS08;ISS09	cupola		routine	repaired	normal	窓辺で短く故郷の話、距離は保ったまま	cupolaでMarcusとHenriが窓越しに短く言葉を交わす。前ステップで一度離れた直後の再接近。Marcusは助言を避けつつ自分から声をかけ、Henriは聞く側に回る。修復は浅く、距離は残したまま。	msg_conv_run_a_smoke_step049_routine_01;msg_conv_run_a_smoke_step049_routine_02;msg_conv_run_a_smoke_step049_routine_03	llm_summary	llm_detail
conv_run_a_smoke_step050_REPA06	50	run_a_smoke	ISS08;ISS09	cupola	REPA06	repair	repaired	repair	窓辺で距離を戻す。助言ではなく聞く側に回る修復。	cupolaで前夜の衝突から距離を戻す続き。Marcusは評価される警戒を残しつつ、Henriの助言癖への線引きを柔らかく言い直す。Henriは調停役を一旦下ろし、聞く側に徹する姿勢を返す。完全な和解ではなく、明日の窓を一緒に見る約束で距離が縮む。	msg_conv_run_a_smoke_step050_REPA06_01;msg_conv_run_a_smoke_step050_REPA06_02;msg_conv_run_a_smoke_step050_REPA06_03	llm_summary	llm_detail
conv_run_a_smoke_step050_routine	50	run_a_smoke	ISS08;ISS09	cupola		routine	repaired	normal	MarcusとHenri、cupolaで故郷の空を短く交わす。	前ステップで助言の重さを巡る修復を経た二人。cupolaの窓辺で、Marcusは雷の話を続け、Henriは聞き役に徹する。深入りせず、隣にいる距離を確かめ合う低負荷な接点。	msg_conv_run_a_smoke_step050_routine_01;msg_conv_run_a_smoke_step050_routine_02;msg_conv_run_a_smoke_step050_routine_03	llm_summary	llm_detail
